,bool_merge,cell1_x,cell1_y,cell2_x,cell2_y,centroid_distance,filename_label,filename_penalty,filename_sample,filename_seed
0,0.0,45,38,27,20,25.45584412271571,label_000.png,penalty_000.png,sample_000.png,seed_000.png
1,1.0,47,26,36,14,16.278820596099706,label_001.png,penalty_001.png,sample_001.png,seed_001.png
2,0.0,46,30,12,49,38.948684188300895,label_002.png,penalty_002.png,sample_002.png,seed_002.png
3,1.0,43,30,37,35,7.810249675906654,label_003.png,penalty_003.png,sample_003.png,seed_003.png
4,1.0,32,48,19,47,13.038404810405298,label_004.png,penalty_004.png,sample_004.png,seed_004.png
5,0.0,17,42,52,40,35.05709628591621,label_005.png,penalty_005.png,sample_005.png,seed_005.png
6,1.0,46,21,46,28,7.0,label_006.png,penalty_006.png,sample_006.png,seed_006.png
7,0.0,24,52,52,52,28.0,label_007.png,penalty_007.png,sample_007.png,seed_007.png
8,0.0,48,41,12,18,42.720018726587654,label_008.png,penalty_008.png,sample_008.png,seed_008.png
9,1.0,45,46,52,44,7.280109889280518,label_009.png,penalty_009.png,sample_009.png,seed_009.png
10,0.0,40,30,36,52,22.360679774997898,label_010.png,penalty_010.png,sample_010.png,seed_010.png
11,0.0,41,38,12,37,29.017236257093817,label_011.png,penalty_011.png,sample_011.png,seed_011.png
12,0.0,27,44,42,14,33.54101966249684,label_012.png,penalty_012.png,sample_012.png,seed_012.png
13,0.0,46,15,31,37,26.627053911388696,label_013.png,penalty_013.png,sample_013.png,seed_013.png
14,1.0,26,47,21,42,7.0710678118654755,label_014.png,penalty_014.png,sample_014.png,seed_014.png
15,0.0,22,39,44,44,22.561028345356956,label_015.png,penalty_015.png,sample_015.png,seed_015.png
16,1.0,25,20,19,22,6.324555320336759,label_016.png,penalty_016.png,sample_016.png,seed_016.png
17,0.0,34,14,16,31,24.758836806279895,label_017.png,penalty_017.png,sample_017.png,seed_017.png
18,1.0,19,12,27,25,15.264337522473747,label_018.png,penalty_018.png,sample_018.png,seed_018.png
19,0.0,49,43,30,14,34.66987164671943,label_019.png,penalty_019.png,sample_019.png,seed_019.png
20,1.0,36,38,50,30,16.1245154965971,label_020.png,penalty_020.png,sample_020.png,seed_020.png
21,1.0,13,34,26,19,19.849433241279208,label_021.png,penalty_021.png,sample_021.png,seed_021.png
22,1.0,28,17,15,12,13.92838827718412,label_022.png,penalty_022.png,sample_022.png,seed_022.png
23,0.0,10,10,20,36,27.85677655436824,label_023.png,penalty_023.png,sample_023.png,seed_023.png
24,1.0,26,18,12,20,14.142135623730951,label_024.png,penalty_024.png,sample_024.png,seed_024.png
25,0.0,38,11,10,13,28.071337695236398,label_025.png,penalty_025.png,sample_025.png,seed_025.png
26,0.0,49,42,19,12,42.42640687119285,label_026.png,penalty_026.png,sample_026.png,seed_026.png
27,0.0,19,41,45,46,26.476404589747453,label_027.png,penalty_027.png,sample_027.png,seed_027.png
28,0.0,21,10,32,51,42.44997055358225,label_028.png,penalty_028.png,sample_028.png,seed_028.png
29,1.0,44,15,25,14,19.026297590440446,label_029.png,penalty_029.png,sample_029.png,seed_029.png
30,1.0,43,40,30,49,15.811388300841896,label_030.png,penalty_030.png,sample_030.png,seed_030.png
31,1.0,15,37,28,50,18.384776310850235,label_031.png,penalty_031.png,sample_031.png,seed_031.png
32,0.0,22,14,44,16,22.090722034374522,label_032.png,penalty_032.png,sample_032.png,seed_032.png
33,0.0,22,26,30,46,21.540659228538015,label_033.png,penalty_033.png,sample_033.png,seed_033.png
34,0.0,36,13,15,51,43.41658669218482,label_034.png,penalty_034.png,sample_034.png,seed_034.png
35,1.0,20,36,20,38,2.0,label_035.png,penalty_035.png,sample_035.png,seed_035.png
36,0.0,52,15,18,47,46.69047011971501,label_036.png,penalty_036.png,sample_036.png,seed_036.png
37,0.0,49,52,12,40,38.897300677553446,label_037.png,penalty_037.png,sample_037.png,seed_037.png
38,1.0,32,12,15,13,17.029386365926403,label_038.png,penalty_038.png,sample_038.png,seed_038.png
39,0.0,38,11,27,30,21.95449840010015,label_039.png,penalty_039.png,sample_039.png,seed_039.png
40,0.0,34,32,51,47,22.67156809750927,label_040.png,penalty_040.png,sample_040.png,seed_040.png
41,0.0,15,10,48,50,51.85556864985669,label_041.png,penalty_041.png,sample_041.png,seed_041.png
42,1.0,39,19,53,25,15.231546211727817,label_042.png,penalty_042.png,sample_042.png,seed_042.png
43,1.0,52,45,34,46,18.027756377319946,label_043.png,penalty_043.png,sample_043.png,seed_043.png
44,1.0,24,44,30,32,13.416407864998739,label_044.png,penalty_044.png,sample_044.png,seed_044.png
45,1.0,32,37,16,33,16.492422502470642,label_045.png,penalty_045.png,sample_045.png,seed_045.png
46,0.0,10,31,35,30,25.019992006393608,label_046.png,penalty_046.png,sample_046.png,seed_046.png
47,0.0,31,10,15,28,24.08318915758459,label_047.png,penalty_047.png,sample_047.png,seed_047.png
48,0.0,11,50,41,14,46.861498055439924,label_048.png,penalty_048.png,sample_048.png,seed_048.png
49,1.0,24,15,24,23,8.0,label_049.png,penalty_049.png,sample_049.png,seed_049.png
50,1.0,28,25,31,22,4.242640687119285,label_050.png,penalty_050.png,sample_050.png,seed_050.png
51,0.0,44,40,32,21,22.47220505424423,label_051.png,penalty_051.png,sample_051.png,seed_051.png
52,1.0,16,32,16,47,15.0,label_052.png,penalty_052.png,sample_052.png,seed_052.png
53,1.0,21,34,35,37,14.317821063276353,label_053.png,penalty_053.png,sample_053.png,seed_053.png
54,0.0,27,41,49,39,22.090722034374522,label_054.png,penalty_054.png,sample_054.png,seed_054.png
55,1.0,26,45,25,53,8.06225774829855,label_055.png,penalty_055.png,sample_055.png,seed_055.png
56,0.0,50,17,30,10,21.18962010041709,label_056.png,penalty_056.png,sample_056.png,seed_056.png
57,0.0,42,34,13,43,30.364452901377952,label_057.png,penalty_057.png,sample_057.png,seed_057.png
58,0.0,53,28,28,18,26.92582403567252,label_058.png,penalty_058.png,sample_058.png,seed_058.png
59,0.0,24,28,25,48,20.024984394500787,label_059.png,penalty_059.png,sample_059.png,seed_059.png
60,1.0,38,45,28,48,10.44030650891055,label_060.png,penalty_060.png,sample_060.png,seed_060.png
61,0.0,30,52,24,28,24.73863375370596,label_061.png,penalty_061.png,sample_061.png,seed_061.png
62,1.0,30,42,15,39,15.297058540778355,label_062.png,penalty_062.png,sample_062.png,seed_062.png
63,0.0,21,10,27,32,22.80350850198276,label_063.png,penalty_063.png,sample_063.png,seed_063.png
64,0.0,10,43,50,17,47.70744176750625,label_064.png,penalty_064.png,sample_064.png,seed_064.png
65,0.0,50,23,11,19,39.20459156782532,label_065.png,penalty_065.png,sample_065.png,seed_065.png
66,1.0,49,38,41,27,13.601470508735444,label_066.png,penalty_066.png,sample_066.png,seed_066.png
67,1.0,36,18,28,19,8.06225774829855,label_067.png,penalty_067.png,sample_067.png,seed_067.png
68,0.0,19,18,38,49,36.359317925395686,label_068.png,penalty_068.png,sample_068.png,seed_068.png
69,1.0,43,37,28,32,15.811388300841896,label_069.png,penalty_069.png,sample_069.png,seed_069.png
70,0.0,44,19,11,28,34.20526275297414,label_070.png,penalty_070.png,sample_070.png,seed_070.png
71,0.0,46,10,37,38,29.410882339705484,label_071.png,penalty_071.png,sample_071.png,seed_071.png
72,1.0,37,16,32,13,5.830951894845301,label_072.png,penalty_072.png,sample_072.png,seed_072.png
73,1.0,17,47,27,48,10.04987562112089,label_073.png,penalty_073.png,sample_073.png,seed_073.png
74,1.0,24,42,35,41,11.045361017187261,label_074.png,penalty_074.png,sample_074.png,seed_074.png
75,1.0,51,36,44,25,13.038404810405298,label_075.png,penalty_075.png,sample_075.png,seed_075.png
76,0.0,31,42,29,20,22.090722034374522,label_076.png,penalty_076.png,sample_076.png,seed_076.png
77,0.0,43,42,50,20,23.08679276123039,label_077.png,penalty_077.png,sample_077.png,seed_077.png
78,0.0,13,51,48,35,38.48376280978771,label_078.png,penalty_078.png,sample_078.png,seed_078.png
79,1.0,43,14,44,17,3.1622776601683795,label_079.png,penalty_079.png,sample_079.png,seed_079.png
80,0.0,31,20,49,35,23.430749027719962,label_080.png,penalty_080.png,sample_080.png,seed_080.png
81,1.0,29,45,37,48,8.54400374531753,label_081.png,penalty_081.png,sample_081.png,seed_081.png
82,1.0,44,29,43,45,16.0312195418814,label_082.png,penalty_082.png,sample_082.png,seed_082.png
83,0.0,43,17,33,53,37.36308338453881,label_083.png,penalty_083.png,sample_083.png,seed_083.png
84,0.0,53,38,16,21,40.718546143004666,label_084.png,penalty_084.png,sample_084.png,seed_084.png
85,0.0,20,47,12,13,34.92849839314596,label_085.png,penalty_085.png,sample_085.png,seed_085.png
86,0.0,49,52,14,50,35.05709628591621,label_086.png,penalty_086.png,sample_086.png,seed_086.png
87,1.0,31,23,29,16,7.280109889280518,label_087.png,penalty_087.png,sample_087.png,seed_087.png
88,0.0,23,13,14,34,22.847319317591726,label_088.png,penalty_088.png,sample_088.png,seed_088.png
89,0.0,29,52,10,39,23.021728866442675,label_089.png,penalty_089.png,sample_089.png,seed_089.png
90,0.0,15,34,53,48,40.496913462633174,label_090.png,penalty_090.png,sample_090.png,seed_090.png
91,1.0,12,41,16,22,19.4164878389476,label_091.png,penalty_091.png,sample_091.png,seed_091.png
92,1.0,22,14,13,15,9.055385138137417,label_092.png,penalty_092.png,sample_092.png,seed_092.png
93,1.0,31,15,29,22,7.280109889280518,label_093.png,penalty_093.png,sample_093.png,seed_093.png
94,0.0,30,22,52,40,28.42534080710379,label_094.png,penalty_094.png,sample_094.png,seed_094.png
95,1.0,31,15,49,17,18.110770276274835,label_095.png,penalty_095.png,sample_095.png,seed_095.png
96,0.0,43,18,29,49,34.0147027033899,label_096.png,penalty_096.png,sample_096.png,seed_096.png
97,0.0,44,46,38,26,20.8806130178211,label_097.png,penalty_097.png,sample_097.png,seed_097.png
98,0.0,26,11,53,38,38.18376618407357,label_098.png,penalty_098.png,sample_098.png,seed_098.png
99,0.0,53,25,10,18,43.56604182158393,label_099.png,penalty_099.png,sample_099.png,seed_099.png
100,0.0,27,50,19,14,36.87817782917155,label_100.png,penalty_100.png,sample_100.png,seed_100.png
101,0.0,30,24,49,37,23.021728866442675,label_101.png,penalty_101.png,sample_101.png,seed_101.png
102,0.0,17,44,12,20,24.515301344262525,label_102.png,penalty_102.png,sample_102.png,seed_102.png
103,0.0,51,43,23,15,39.59797974644666,label_103.png,penalty_103.png,sample_103.png,seed_103.png
104,0.0,37,24,16,52,35.0,label_104.png,penalty_104.png,sample_104.png,seed_104.png
105,0.0,50,29,24,30,26.019223662515376,label_105.png,penalty_105.png,sample_105.png,seed_105.png
106,0.0,13,53,11,19,34.058772731852805,label_106.png,penalty_106.png,sample_106.png,seed_106.png
107,0.0,37,12,13,48,43.266615305567875,label_107.png,penalty_107.png,sample_107.png,seed_107.png
108,1.0,42,31,51,46,17.4928556845359,label_108.png,penalty_108.png,sample_108.png,seed_108.png
109,1.0,46,41,53,36,8.602325267042627,label_109.png,penalty_109.png,sample_109.png,seed_109.png
110,0.0,46,19,33,49,32.69556544854363,label_110.png,penalty_110.png,sample_110.png,seed_110.png
111,0.0,42,35,15,44,28.460498941515414,label_111.png,penalty_111.png,sample_111.png,seed_111.png
112,0.0,16,44,46,43,30.01666203960727,label_112.png,penalty_112.png,sample_112.png,seed_112.png
113,0.0,31,20,28,49,29.154759474226502,label_113.png,penalty_113.png,sample_113.png,seed_113.png
114,0.0,12,38,38,50,28.635642126552707,label_114.png,penalty_114.png,sample_114.png,seed_114.png
115,0.0,40,11,24,53,44.94441010848846,label_115.png,penalty_115.png,sample_115.png,seed_115.png
116,0.0,14,33,39,28,25.495097567963924,label_116.png,penalty_116.png,sample_116.png,seed_116.png
117,0.0,13,45,43,10,46.09772228646444,label_117.png,penalty_117.png,sample_117.png,seed_117.png
118,0.0,30,15,52,13,22.090722034374522,label_118.png,penalty_118.png,sample_118.png,seed_118.png
119,0.0,36,49,11,48,25.019992006393608,label_119.png,penalty_119.png,sample_119.png,seed_119.png
120,0.0,34,34,44,14,22.360679774997898,label_120.png,penalty_120.png,sample_120.png,seed_120.png
121,0.0,26,12,49,34,31.827660925679098,label_121.png,penalty_121.png,sample_121.png,seed_121.png
122,0.0,32,18,21,47,31.016124838541646,label_122.png,penalty_122.png,sample_122.png,seed_122.png
123,1.0,30,36,46,25,19.4164878389476,label_123.png,penalty_123.png,sample_123.png,seed_123.png
124,1.0,31,53,13,52,18.027756377319946,label_124.png,penalty_124.png,sample_124.png,seed_124.png
125,0.0,19,33,41,27,22.80350850198276,label_125.png,penalty_125.png,sample_125.png,seed_125.png
126,0.0,10,45,52,23,47.41307836451879,label_126.png,penalty_126.png,sample_126.png,seed_126.png
127,0.0,11,18,44,48,44.598206241955516,label_127.png,penalty_127.png,sample_127.png,seed_127.png
128,1.0,42,20,52,15,11.180339887498949,label_128.png,penalty_128.png,sample_128.png,seed_128.png
129,1.0,25,34,11,40,15.231546211727817,label_129.png,penalty_129.png,sample_129.png,seed_129.png
130,1.0,43,28,38,32,6.4031242374328485,label_130.png,penalty_130.png,sample_130.png,seed_130.png
131,1.0,38,52,53,49,15.297058540778355,label_131.png,penalty_131.png,sample_131.png,seed_131.png
132,1.0,21,17,29,24,10.63014581273465,label_132.png,penalty_132.png,sample_132.png,seed_132.png
133,0.0,45,46,30,10,39.0,label_133.png,penalty_133.png,sample_133.png,seed_133.png
134,0.0,53,46,24,43,29.154759474226502,label_134.png,penalty_134.png,sample_134.png,seed_134.png
135,0.0,53,20,13,49,49.4064773081425,label_135.png,penalty_135.png,sample_135.png,seed_135.png
136,0.0,31,18,34,44,26.1725046566048,label_136.png,penalty_136.png,sample_136.png,seed_136.png
137,1.0,14,18,10,16,4.47213595499958,label_137.png,penalty_137.png,sample_137.png,seed_137.png
138,0.0,24,46,44,31,25.0,label_138.png,penalty_138.png,sample_138.png,seed_138.png
139,0.0,44,20,10,14,34.52535300326414,label_139.png,penalty_139.png,sample_139.png,seed_139.png
140,0.0,46,43,26,16,33.60059523282288,label_140.png,penalty_140.png,sample_140.png,seed_140.png
141,0.0,19,25,43,30,24.515301344262525,label_141.png,penalty_141.png,sample_141.png,seed_141.png
142,1.0,47,21,37,15,11.661903789690601,label_142.png,penalty_142.png,sample_142.png,seed_142.png
143,0.0,10,20,43,23,33.13608305156178,label_143.png,penalty_143.png,sample_143.png,seed_143.png
144,1.0,33,28,29,26,4.47213595499958,label_144.png,penalty_144.png,sample_144.png,seed_144.png
145,1.0,52,31,51,29,2.23606797749979,label_145.png,penalty_145.png,sample_145.png,seed_145.png
146,0.0,24,47,51,27,33.60059523282288,label_146.png,penalty_146.png,sample_146.png,seed_146.png
147,1.0,36,41,43,25,17.46424919657298,label_147.png,penalty_147.png,sample_147.png,seed_147.png
148,0.0,19,27,45,25,26.076809620810597,label_148.png,penalty_148.png,sample_148.png,seed_148.png
149,0.0,44,53,12,40,34.539832078341085,label_149.png,penalty_149.png,sample_149.png,seed_149.png
150,0.0,13,20,19,44,24.73863375370596,label_150.png,penalty_150.png,sample_150.png,seed_150.png
151,1.0,25,43,28,30,13.341664064126334,label_151.png,penalty_151.png,sample_151.png,seed_151.png
152,0.0,48,22,34,47,28.653097563788805,label_152.png,penalty_152.png,sample_152.png,seed_152.png
153,1.0,14,26,10,40,14.560219778561036,label_153.png,penalty_153.png,sample_153.png,seed_153.png
154,1.0,31,25,47,26,16.0312195418814,label_154.png,penalty_154.png,sample_154.png,seed_154.png
155,0.0,23,41,31,11,31.04834939252005,label_155.png,penalty_155.png,sample_155.png,seed_155.png
156,1.0,13,40,19,31,10.816653826391969,label_156.png,penalty_156.png,sample_156.png,seed_156.png
157,1.0,44,36,30,47,17.804493814764857,label_157.png,penalty_157.png,sample_157.png,seed_157.png
158,0.0,17,13,36,25,22.47220505424423,label_158.png,penalty_158.png,sample_158.png,seed_158.png
159,0.0,10,49,38,34,31.76476034853718,label_159.png,penalty_159.png,sample_159.png,seed_159.png
160,0.0,19,52,52,25,42.638011210655684,label_160.png,penalty_160.png,sample_160.png,seed_160.png
161,1.0,34,45,44,30,18.027756377319946,label_161.png,penalty_161.png,sample_161.png,seed_161.png
162,0.0,45,18,28,35,24.041630560342615,label_162.png,penalty_162.png,sample_162.png,seed_162.png
163,1.0,17,38,13,45,8.06225774829855,label_163.png,penalty_163.png,sample_163.png,seed_163.png
164,0.0,14,12,48,17,34.36568055487916,label_164.png,penalty_164.png,sample_164.png,seed_164.png
165,1.0,33,24,17,12,20.0,label_165.png,penalty_165.png,sample_165.png,seed_165.png
166,1.0,28,45,34,46,6.082762530298219,label_166.png,penalty_166.png,sample_166.png,seed_166.png
167,0.0,40,45,14,43,26.076809620810597,label_167.png,penalty_167.png,sample_167.png,seed_167.png
168,1.0,30,20,38,26,10.0,label_168.png,penalty_168.png,sample_168.png,seed_168.png
169,1.0,45,41,44,49,8.06225774829855,label_169.png,penalty_169.png,sample_169.png,seed_169.png
170,0.0,45,40,44,20,20.024984394500787,label_170.png,penalty_170.png,sample_170.png,seed_170.png
171,1.0,26,45,20,28,18.027756377319946,label_171.png,penalty_171.png,sample_171.png,seed_171.png
172,0.0,51,53,24,39,30.4138126514911,label_172.png,penalty_172.png,sample_172.png,seed_172.png
173,0.0,42,24,29,48,27.294688127912362,label_173.png,penalty_173.png,sample_173.png,seed_173.png
174,1.0,23,40,32,35,10.295630140987,label_174.png,penalty_174.png,sample_174.png,seed_174.png
175,1.0,33,16,41,11,9.433981132056603,label_175.png,penalty_175.png,sample_175.png,seed_175.png
176,0.0,32,18,38,43,25.709920264364882,label_176.png,penalty_176.png,sample_176.png,seed_176.png
177,0.0,11,27,49,17,39.293765408777,label_177.png,penalty_177.png,sample_177.png,seed_177.png
178,0.0,10,42,47,38,37.21558813185679,label_178.png,penalty_178.png,sample_178.png,seed_178.png
179,0.0,47,19,40,38,20.248456731316587,label_179.png,penalty_179.png,sample_179.png,seed_179.png
180,0.0,11,10,32,53,47.853944456021594,label_180.png,penalty_180.png,sample_180.png,seed_180.png
181,0.0,27,17,51,44,36.124783736376884,label_181.png,penalty_181.png,sample_181.png,seed_181.png
182,0.0,52,38,53,17,21.02379604162864,label_182.png,penalty_182.png,sample_182.png,seed_182.png
183,0.0,13,28,50,11,40.718546143004666,label_183.png,penalty_183.png,sample_183.png,seed_183.png
184,0.0,21,25,51,51,39.698866482558415,label_184.png,penalty_184.png,sample_184.png,seed_184.png
185,0.0,11,46,36,49,25.179356624028344,label_185.png,penalty_185.png,sample_185.png,seed_185.png
186,0.0,51,39,45,14,25.709920264364882,label_186.png,penalty_186.png,sample_186.png,seed_186.png
187,0.0,19,41,16,18,23.194827009486403,label_187.png,penalty_187.png,sample_187.png,seed_187.png
188,1.0,14,12,16,10,2.8284271247461903,label_188.png,penalty_188.png,sample_188.png,seed_188.png
189,1.0,15,23,19,13,10.770329614269007,label_189.png,penalty_189.png,sample_189.png,seed_189.png
190,1.0,34,30,36,16,14.142135623730951,label_190.png,penalty_190.png,sample_190.png,seed_190.png
191,0.0,43,52,12,32,36.89173349139343,label_191.png,penalty_191.png,sample_191.png,seed_191.png
192,1.0,47,37,39,52,17.0,label_192.png,penalty_192.png,sample_192.png,seed_192.png
193,1.0,46,18,50,22,5.656854249492381,label_193.png,penalty_193.png,sample_193.png,seed_193.png
194,0.0,36,40,15,23,27.018512172212592,label_194.png,penalty_194.png,sample_194.png,seed_194.png
195,1.0,20,19,10,35,18.867962264113206,label_195.png,penalty_195.png,sample_195.png,seed_195.png
196,0.0,10,31,38,44,30.870698080866262,label_196.png,penalty_196.png,sample_196.png,seed_196.png
197,1.0,33,36,16,37,17.029386365926403,label_197.png,penalty_197.png,sample_197.png,seed_197.png
198,0.0,44,25,22,43,28.42534080710379,label_198.png,penalty_198.png,sample_198.png,seed_198.png
199,0.0,44,11,20,33,32.55764119219941,label_199.png,penalty_199.png,sample_199.png,seed_199.png
200,0.0,45,30,20,28,25.079872407968907,label_200.png,penalty_200.png,sample_200.png,seed_200.png
201,1.0,34,26,18,36,18.867962264113206,label_201.png,penalty_201.png,sample_201.png,seed_201.png
202,1.0,16,41,27,39,11.180339887498949,label_202.png,penalty_202.png,sample_202.png,seed_202.png
203,0.0,51,39,12,47,39.81205847478876,label_203.png,penalty_203.png,sample_203.png,seed_203.png
204,1.0,28,49,33,40,10.295630140987,label_204.png,penalty_204.png,sample_204.png,seed_204.png
205,0.0,23,29,44,12,27.018512172212592,label_205.png,penalty_205.png,sample_205.png,seed_205.png
206,1.0,13,15,22,30,17.4928556845359,label_206.png,penalty_206.png,sample_206.png,seed_206.png
207,1.0,30,46,37,51,8.602325267042627,label_207.png,penalty_207.png,sample_207.png,seed_207.png
208,1.0,34,26,31,18,8.54400374531753,label_208.png,penalty_208.png,sample_208.png,seed_208.png
209,0.0,37,22,21,36,21.2602916254693,label_209.png,penalty_209.png,sample_209.png,seed_209.png
210,0.0,46,52,24,48,22.360679774997898,label_210.png,penalty_210.png,sample_210.png,seed_210.png
211,1.0,48,23,49,17,6.082762530298219,label_211.png,penalty_211.png,sample_211.png,seed_211.png
212,0.0,26,17,41,36,24.20743687382041,label_212.png,penalty_212.png,sample_212.png,seed_212.png
213,0.0,44,42,34,18,26.0,label_213.png,penalty_213.png,sample_213.png,seed_213.png
214,0.0,33,49,43,27,24.166091947189145,label_214.png,penalty_214.png,sample_214.png,seed_214.png
215,0.0,12,27,48,27,36.0,label_215.png,penalty_215.png,sample_215.png,seed_215.png
216,0.0,53,16,38,43,30.886890422961002,label_216.png,penalty_216.png,sample_216.png,seed_216.png
217,1.0,28,32,36,50,19.697715603592208,label_217.png,penalty_217.png,sample_217.png,seed_217.png
218,0.0,13,16,37,42,35.38361202590826,label_218.png,penalty_218.png,sample_218.png,seed_218.png
219,0.0,47,43,22,44,25.019992006393608,label_219.png,penalty_219.png,sample_219.png,seed_219.png
220,1.0,40,50,30,35,18.027756377319946,label_220.png,penalty_220.png,sample_220.png,seed_220.png
221,1.0,30,49,20,47,10.198039027185569,label_221.png,penalty_221.png,sample_221.png,seed_221.png
222,0.0,34,43,12,33,24.166091947189145,label_222.png,penalty_222.png,sample_222.png,seed_222.png
223,1.0,41,29,32,25,9.848857801796104,label_223.png,penalty_223.png,sample_223.png,seed_223.png
224,0.0,28,11,50,33,31.11269837220809,label_224.png,penalty_224.png,sample_224.png,seed_224.png
225,0.0,12,24,43,11,33.61547262794322,label_225.png,penalty_225.png,sample_225.png,seed_225.png
226,1.0,38,35,28,49,17.204650534085253,label_226.png,penalty_226.png,sample_226.png,seed_226.png
227,0.0,47,11,21,44,42.01190307520001,label_227.png,penalty_227.png,sample_227.png,seed_227.png
228,0.0,41,28,22,45,25.495097567963924,label_228.png,penalty_228.png,sample_228.png,seed_228.png
229,0.0,12,15,45,42,42.638011210655684,label_229.png,penalty_229.png,sample_229.png,seed_229.png
230,0.0,27,29,20,53,25.0,label_230.png,penalty_230.png,sample_230.png,seed_230.png
231,0.0,47,40,14,36,33.24154027718932,label_231.png,penalty_231.png,sample_231.png,seed_231.png
232,1.0,31,43,23,45,8.246211251235321,label_232.png,penalty_232.png,sample_232.png,seed_232.png
233,0.0,21,44,24,14,30.14962686336267,label_233.png,penalty_233.png,sample_233.png,seed_233.png
234,0.0,32,50,18,27,26.92582403567252,label_234.png,penalty_234.png,sample_234.png,seed_234.png
235,0.0,26,24,49,46,31.827660925679098,label_235.png,penalty_235.png,sample_235.png,seed_235.png
236,1.0,52,30,49,29,3.1622776601683795,label_236.png,penalty_236.png,sample_236.png,seed_236.png
237,0.0,35,37,16,12,31.400636936215164,label_237.png,penalty_237.png,sample_237.png,seed_237.png
238,0.0,27,28,52,15,28.178005607210743,label_238.png,penalty_238.png,sample_238.png,seed_238.png
239,0.0,11,36,45,21,37.16180835212409,label_239.png,penalty_239.png,sample_239.png,seed_239.png
240,0.0,10,35,53,32,43.104524124504614,label_240.png,penalty_240.png,sample_240.png,seed_240.png
241,0.0,43,52,15,19,43.278170016764804,label_241.png,penalty_241.png,sample_241.png,seed_241.png
242,0.0,53,35,15,49,40.496913462633174,label_242.png,penalty_242.png,sample_242.png,seed_242.png
243,1.0,22,18,37,28,18.027756377319946,label_243.png,penalty_243.png,sample_243.png,seed_243.png
244,1.0,29,19,46,19,17.0,label_244.png,penalty_244.png,sample_244.png,seed_244.png
245,0.0,15,43,37,30,25.553864678361276,label_245.png,penalty_245.png,sample_245.png,seed_245.png
246,1.0,20,53,12,42,13.601470508735444,label_246.png,penalty_246.png,sample_246.png,seed_246.png
247,0.0,51,35,16,51,38.48376280978771,label_247.png,penalty_247.png,sample_247.png,seed_247.png
248,0.0,47,10,38,38,29.410882339705484,label_248.png,penalty_248.png,sample_248.png,seed_248.png
249,1.0,14,40,17,26,14.317821063276353,label_249.png,penalty_249.png,sample_249.png,seed_249.png
250,1.0,44,42,51,36,9.219544457292887,label_250.png,penalty_250.png,sample_250.png,seed_250.png
251,1.0,31,41,20,26,18.601075237738275,label_251.png,penalty_251.png,sample_251.png,seed_251.png
252,0.0,14,10,46,39,43.18564576337837,label_252.png,penalty_252.png,sample_252.png,seed_252.png
253,0.0,49,25,32,42,24.041630560342615,label_253.png,penalty_253.png,sample_253.png,seed_253.png
254,0.0,21,40,47,18,34.058772731852805,label_254.png,penalty_254.png,sample_254.png,seed_254.png
255,0.0,16,52,21,19,33.37663853655727,label_255.png,penalty_255.png,sample_255.png,seed_255.png
256,0.0,29,42,12,18,29.410882339705484,label_256.png,penalty_256.png,sample_256.png,seed_256.png
257,1.0,13,42,12,31,11.045361017187261,label_257.png,penalty_257.png,sample_257.png,seed_257.png
258,0.0,35,20,22,36,20.615528128088304,label_258.png,penalty_258.png,sample_258.png,seed_258.png
259,1.0,37,17,37,17,0.0,label_259.png,penalty_259.png,sample_259.png,seed_259.png
260,1.0,43,23,44,17,6.082762530298219,label_260.png,penalty_260.png,sample_260.png,seed_260.png
261,0.0,17,48,53,25,42.720018726587654,label_261.png,penalty_261.png,sample_261.png,seed_261.png
262,1.0,39,37,38,40,3.1622776601683795,label_262.png,penalty_262.png,sample_262.png,seed_262.png
263,1.0,33,24,23,21,10.44030650891055,label_263.png,penalty_263.png,sample_263.png,seed_263.png
264,1.0,15,10,23,13,8.54400374531753,label_264.png,penalty_264.png,sample_264.png,seed_264.png
265,1.0,21,35,11,46,14.866068747318506,label_265.png,penalty_265.png,sample_265.png,seed_265.png
266,0.0,38,22,41,51,29.154759474226502,label_266.png,penalty_266.png,sample_266.png,seed_266.png
267,1.0,38,42,22,31,19.4164878389476,label_267.png,penalty_267.png,sample_267.png,seed_267.png
268,0.0,15,23,46,10,33.61547262794322,label_268.png,penalty_268.png,sample_268.png,seed_268.png
269,1.0,32,39,24,42,8.54400374531753,label_269.png,penalty_269.png,sample_269.png,seed_269.png
270,0.0,38,25,20,50,30.805843601498726,label_270.png,penalty_270.png,sample_270.png,seed_270.png
271,0.0,27,12,52,53,48.02082881417188,label_271.png,penalty_271.png,sample_271.png,seed_271.png
272,0.0,17,46,41,14,40.0,label_272.png,penalty_272.png,sample_272.png,seed_272.png
273,0.0,45,44,46,23,21.02379604162864,label_273.png,penalty_273.png,sample_273.png,seed_273.png
274,1.0,36,36,41,18,18.681541692269406,label_274.png,penalty_274.png,sample_274.png,seed_274.png
275,0.0,43,15,17,12,26.1725046566048,label_275.png,penalty_275.png,sample_275.png,seed_275.png
276,0.0,11,15,30,39,30.610455730027933,label_276.png,penalty_276.png,sample_276.png,seed_276.png
277,1.0,29,35,39,40,11.180339887498949,label_277.png,penalty_277.png,sample_277.png,seed_277.png
278,0.0,24,26,47,25,23.021728866442675,label_278.png,penalty_278.png,sample_278.png,seed_278.png
279,0.0,12,23,36,52,37.64306044943742,label_279.png,penalty_279.png,sample_279.png,seed_279.png
280,0.0,30,27,48,17,20.591260281974,label_280.png,penalty_280.png,sample_280.png,seed_280.png
281,1.0,34,19,47,15,13.601470508735444,label_281.png,penalty_281.png,sample_281.png,seed_281.png
282,0.0,39,14,40,44,30.01666203960727,label_282.png,penalty_282.png,sample_282.png,seed_282.png
283,1.0,28,30,30,18,12.165525060596439,label_283.png,penalty_283.png,sample_283.png,seed_283.png
284,0.0,36,11,27,36,26.570660511172846,label_284.png,penalty_284.png,sample_284.png,seed_284.png
285,1.0,13,31,17,41,10.770329614269007,label_285.png,penalty_285.png,sample_285.png,seed_285.png
286,0.0,10,49,17,29,21.18962010041709,label_286.png,penalty_286.png,sample_286.png,seed_286.png
287,0.0,53,45,25,34,30.083217912982647,label_287.png,penalty_287.png,sample_287.png,seed_287.png
288,0.0,21,12,14,33,22.135943621178654,label_288.png,penalty_288.png,sample_288.png,seed_288.png
289,1.0,16,19,18,36,17.11724276862369,label_289.png,penalty_289.png,sample_289.png,seed_289.png
290,0.0,27,25,20,49,25.0,label_290.png,penalty_290.png,sample_290.png,seed_290.png
291,0.0,40,46,35,21,25.495097567963924,label_291.png,penalty_291.png,sample_291.png,seed_291.png
292,1.0,40,38,48,51,15.264337522473747,label_292.png,penalty_292.png,sample_292.png,seed_292.png
293,1.0,41,41,25,34,17.46424919657298,label_293.png,penalty_293.png,sample_293.png,seed_293.png
294,1.0,14,22,21,15,9.899494936611665,label_294.png,penalty_294.png,sample_294.png,seed_294.png
295,0.0,47,45,19,47,28.071337695236398,label_295.png,penalty_295.png,sample_295.png,seed_295.png
296,1.0,26,39,34,42,8.54400374531753,label_296.png,penalty_296.png,sample_296.png,seed_296.png
297,0.0,41,49,52,28,23.706539182259394,label_297.png,penalty_297.png,sample_297.png,seed_297.png
298,0.0,44,13,31,44,33.61547262794322,label_298.png,penalty_298.png,sample_298.png,seed_298.png
299,0.0,38,49,18,26,30.479501308256342,label_299.png,penalty_299.png,sample_299.png,seed_299.png
300,0.0,10,20,35,42,33.301651610693426,label_300.png,penalty_300.png,sample_300.png,seed_300.png
301,0.0,43,14,50,46,32.7566787083184,label_301.png,penalty_301.png,sample_301.png,seed_301.png
302,0.0,44,24,24,49,32.01562118716424,label_302.png,penalty_302.png,sample_302.png,seed_302.png
303,1.0,47,46,48,43,3.1622776601683795,label_303.png,penalty_303.png,sample_303.png,seed_303.png
304,1.0,27,46,40,34,17.69180601295413,label_304.png,penalty_304.png,sample_304.png,seed_304.png
305,1.0,41,45,31,42,10.44030650891055,label_305.png,penalty_305.png,sample_305.png,seed_305.png
306,1.0,30,37,26,24,13.601470508735444,label_306.png,penalty_306.png,sample_306.png,seed_306.png
307,0.0,40,40,25,13,30.886890422961002,label_307.png,penalty_307.png,sample_307.png,seed_307.png
308,1.0,24,13,22,32,19.1049731745428,label_308.png,penalty_308.png,sample_308.png,seed_308.png
309,0.0,46,46,31,27,24.20743687382041,label_309.png,penalty_309.png,sample_309.png,seed_309.png
310,0.0,39,31,19,44,23.853720883753127,label_310.png,penalty_310.png,sample_310.png,seed_310.png
311,1.0,51,13,45,29,17.08800749063506,label_311.png,penalty_311.png,sample_311.png,seed_311.png
312,1.0,20,31,15,37,7.810249675906654,label_312.png,penalty_312.png,sample_312.png,seed_312.png
313,1.0,31,48,35,41,8.06225774829855,label_313.png,penalty_313.png,sample_313.png,seed_313.png
314,1.0,38,14,45,25,13.038404810405298,label_314.png,penalty_314.png,sample_314.png,seed_314.png
315,0.0,38,13,43,34,21.587033144922902,label_315.png,penalty_315.png,sample_315.png,seed_315.png
316,0.0,25,44,51,45,26.019223662515376,label_316.png,penalty_316.png,sample_316.png,seed_316.png
317,1.0,41,48,49,39,12.041594578792296,label_317.png,penalty_317.png,sample_317.png,seed_317.png
318,1.0,25,26,25,26,0.0,label_318.png,penalty_318.png,sample_318.png,seed_318.png
319,0.0,49,16,18,26,32.57299494980466,label_319.png,penalty_319.png,sample_319.png,seed_319.png
320,1.0,12,20,11,25,5.0990195135927845,label_320.png,penalty_320.png,sample_320.png,seed_320.png
321,1.0,31,29,12,25,19.4164878389476,label_321.png,penalty_321.png,sample_321.png,seed_321.png
322,0.0,10,38,27,15,28.600699292150182,label_322.png,penalty_322.png,sample_322.png,seed_322.png
323,0.0,44,26,12,52,41.23105625617661,label_323.png,penalty_323.png,sample_323.png,seed_323.png
324,1.0,45,41,51,26,16.15549442140351,label_324.png,penalty_324.png,sample_324.png,seed_324.png
325,1.0,35,38,38,53,15.297058540778355,label_325.png,penalty_325.png,sample_325.png,seed_325.png
326,0.0,17,53,37,37,25.612496949731394,label_326.png,penalty_326.png,sample_326.png,seed_326.png
327,0.0,31,12,47,30,24.08318915758459,label_327.png,penalty_327.png,sample_327.png,seed_327.png
328,0.0,10,38,27,20,24.758836806279895,label_328.png,penalty_328.png,sample_328.png,seed_328.png
329,0.0,52,25,31,17,22.47220505424423,label_329.png,penalty_329.png,sample_329.png,seed_329.png
330,0.0,34,16,14,51,40.311288741492746,label_330.png,penalty_330.png,sample_330.png,seed_330.png
331,0.0,28,46,50,27,29.068883707497267,label_331.png,penalty_331.png,sample_331.png,seed_331.png
332,0.0,40,10,15,43,41.400483088968905,label_332.png,penalty_332.png,sample_332.png,seed_332.png
333,0.0,30,11,41,29,21.095023109728988,label_333.png,penalty_333.png,sample_333.png,seed_333.png
334,1.0,39,52,37,49,3.605551275463989,label_334.png,penalty_334.png,sample_334.png,seed_334.png
335,0.0,48,17,48,42,25.0,label_335.png,penalty_335.png,sample_335.png,seed_335.png
336,1.0,33,53,29,38,15.524174696260024,label_336.png,penalty_336.png,sample_336.png,seed_336.png
337,0.0,32,42,46,14,31.304951684997057,label_337.png,penalty_337.png,sample_337.png,seed_337.png
338,0.0,35,13,18,40,31.906112267087632,label_338.png,penalty_338.png,sample_338.png,seed_338.png
339,0.0,50,31,52,10,21.095023109728988,label_339.png,penalty_339.png,sample_339.png,seed_339.png
340,1.0,25,45,14,53,13.601470508735444,label_340.png,penalty_340.png,sample_340.png,seed_340.png
341,0.0,33,33,10,20,26.419689627245813,label_341.png,penalty_341.png,sample_341.png,seed_341.png
342,0.0,52,25,27,49,34.655446902326915,label_342.png,penalty_342.png,sample_342.png,seed_342.png
343,0.0,40,13,51,40,29.154759474226502,label_343.png,penalty_343.png,sample_343.png,seed_343.png
344,1.0,38,29,36,10,19.1049731745428,label_344.png,penalty_344.png,sample_344.png,seed_344.png
345,0.0,16,28,50,23,34.36568055487916,label_345.png,penalty_345.png,sample_345.png,seed_345.png
346,1.0,16,28,30,25,14.317821063276353,label_346.png,penalty_346.png,sample_346.png,seed_346.png
347,1.0,30,46,39,48,9.219544457292887,label_347.png,penalty_347.png,sample_347.png,seed_347.png
348,0.0,13,41,29,24,23.345235059857504,label_348.png,penalty_348.png,sample_348.png,seed_348.png
349,0.0,39,12,16,23,25.495097567963924,label_349.png,penalty_349.png,sample_349.png,seed_349.png
350,1.0,32,38,14,42,18.439088914585774,label_350.png,penalty_350.png,sample_350.png,seed_350.png
351,0.0,20,48,14,24,24.73863375370596,label_351.png,penalty_351.png,sample_351.png,seed_351.png
352,1.0,26,19,32,17,6.324555320336759,label_352.png,penalty_352.png,sample_352.png,seed_352.png
353,0.0,28,13,18,47,35.4400902933387,label_353.png,penalty_353.png,sample_353.png,seed_353.png
354,0.0,48,11,17,21,32.57299494980466,label_354.png,penalty_354.png,sample_354.png,seed_354.png
355,0.0,45,47,32,31,20.615528128088304,label_355.png,penalty_355.png,sample_355.png,seed_355.png
356,1.0,49,31,35,38,15.652475842498529,label_356.png,penalty_356.png,sample_356.png,seed_356.png
357,0.0,21,13,24,35,22.20360331117452,label_357.png,penalty_357.png,sample_357.png,seed_357.png
358,1.0,17,12,13,21,9.848857801796104,label_358.png,penalty_358.png,sample_358.png,seed_358.png
359,0.0,33,24,53,37,23.853720883753127,label_359.png,penalty_359.png,sample_359.png,seed_359.png
360,1.0,34,43,24,32,14.866068747318506,label_360.png,penalty_360.png,sample_360.png,seed_360.png
361,1.0,48,35,38,22,16.401219466856727,label_361.png,penalty_361.png,sample_361.png,seed_361.png
362,0.0,26,17,22,49,32.2490309931942,label_362.png,penalty_362.png,sample_362.png,seed_362.png
363,0.0,28,42,49,23,28.319604517012593,label_363.png,penalty_363.png,sample_363.png,seed_363.png
364,1.0,36,19,21,20,15.033296378372908,label_364.png,penalty_364.png,sample_364.png,seed_364.png
365,1.0,53,20,38,26,16.15549442140351,label_365.png,penalty_365.png,sample_365.png,seed_365.png
366,0.0,34,47,38,24,23.345235059857504,label_366.png,penalty_366.png,sample_366.png,seed_366.png
367,0.0,53,18,42,44,28.231188426986208,label_367.png,penalty_367.png,sample_367.png,seed_367.png
368,0.0,10,44,34,49,24.515301344262525,label_368.png,penalty_368.png,sample_368.png,seed_368.png
369,1.0,42,25,47,28,5.830951894845301,label_369.png,penalty_369.png,sample_369.png,seed_369.png
370,1.0,47,32,50,32,3.0,label_370.png,penalty_370.png,sample_370.png,seed_370.png
371,1.0,10,44,19,29,17.4928556845359,label_371.png,penalty_371.png,sample_371.png,seed_371.png
372,1.0,39,25,36,34,9.486832980505138,label_372.png,penalty_372.png,sample_372.png,seed_372.png
373,1.0,35,16,29,13,6.708203932499369,label_373.png,penalty_373.png,sample_373.png,seed_373.png
374,0.0,19,38,39,10,34.40930106817051,label_374.png,penalty_374.png,sample_374.png,seed_374.png
375,1.0,41,31,36,27,6.4031242374328485,label_375.png,penalty_375.png,sample_375.png,seed_375.png
376,0.0,24,50,39,35,21.213203435596427,label_376.png,penalty_376.png,sample_376.png,seed_376.png
377,1.0,35,38,24,36,11.180339887498949,label_377.png,penalty_377.png,sample_377.png,seed_377.png
378,0.0,52,49,12,17,51.22499389946279,label_378.png,penalty_378.png,sample_378.png,seed_378.png
379,1.0,27,27,42,14,19.849433241279208,label_379.png,penalty_379.png,sample_379.png,seed_379.png
380,0.0,52,48,11,41,41.593268686170845,label_380.png,penalty_380.png,sample_380.png,seed_380.png
381,0.0,11,24,52,49,48.02082881417188,label_381.png,penalty_381.png,sample_381.png,seed_381.png
382,1.0,30,39,37,25,15.652475842498529,label_382.png,penalty_382.png,sample_382.png,seed_382.png
383,0.0,47,33,11,19,38.62641583165593,label_383.png,penalty_383.png,sample_383.png,seed_383.png
384,1.0,25,37,24,27,10.04987562112089,label_384.png,penalty_384.png,sample_384.png,seed_384.png
385,1.0,11,51,22,43,13.601470508735444,label_385.png,penalty_385.png,sample_385.png,seed_385.png
386,1.0,28,30,34,35,7.810249675906654,label_386.png,penalty_386.png,sample_386.png,seed_386.png
387,0.0,46,14,33,31,21.400934559032695,label_387.png,penalty_387.png,sample_387.png,seed_387.png
388,1.0,24,26,38,33,15.652475842498529,label_388.png,penalty_388.png,sample_388.png,seed_388.png
389,1.0,31,19,37,38,19.924858845171276,label_389.png,penalty_389.png,sample_389.png,seed_389.png
390,0.0,17,10,24,40,30.805843601498726,label_390.png,penalty_390.png,sample_390.png,seed_390.png
391,0.0,20,47,44,53,24.73863375370596,label_391.png,penalty_391.png,sample_391.png,seed_391.png
392,1.0,41,36,34,52,17.46424919657298,label_392.png,penalty_392.png,sample_392.png,seed_392.png
393,1.0,12,35,24,42,13.892443989449804,label_393.png,penalty_393.png,sample_393.png,seed_393.png
394,1.0,29,11,29,16,5.0,label_394.png,penalty_394.png,sample_394.png,seed_394.png
395,0.0,52,37,31,35,21.095023109728988,label_395.png,penalty_395.png,sample_395.png,seed_395.png
396,0.0,13,41,49,34,36.6742416417845,label_396.png,penalty_396.png,sample_396.png,seed_396.png
397,0.0,25,53,18,13,40.607881008493905,label_397.png,penalty_397.png,sample_397.png,seed_397.png
398,0.0,41,12,17,18,24.73863375370596,label_398.png,penalty_398.png,sample_398.png,seed_398.png
399,0.0,23,43,51,13,41.036569057366385,label_399.png,penalty_399.png,sample_399.png,seed_399.png
400,1.0,16,15,25,17,9.219544457292887,label_400.png,penalty_400.png,sample_400.png,seed_400.png
401,1.0,31,21,25,22,6.082762530298219,label_401.png,penalty_401.png,sample_401.png,seed_401.png
402,0.0,35,39,27,20,20.615528128088304,label_402.png,penalty_402.png,sample_402.png,seed_402.png
403,1.0,33,51,23,34,19.72308292331602,label_403.png,penalty_403.png,sample_403.png,seed_403.png
404,1.0,37,14,42,12,5.385164807134504,label_404.png,penalty_404.png,sample_404.png,seed_404.png
405,1.0,45,27,42,12,15.297058540778355,label_405.png,penalty_405.png,sample_405.png,seed_405.png
406,0.0,18,45,48,33,32.31098884280702,label_406.png,penalty_406.png,sample_406.png,seed_406.png
407,0.0,38,36,16,25,24.596747752497688,label_407.png,penalty_407.png,sample_407.png,seed_407.png
408,0.0,53,10,39,53,45.221676218380054,label_408.png,penalty_408.png,sample_408.png,seed_408.png
409,0.0,45,29,24,31,21.095023109728988,label_409.png,penalty_409.png,sample_409.png,seed_409.png
410,0.0,24,10,35,47,38.600518131237564,label_410.png,penalty_410.png,sample_410.png,seed_410.png
411,1.0,31,51,38,39,13.892443989449804,label_411.png,penalty_411.png,sample_411.png,seed_411.png
412,1.0,24,27,36,33,13.416407864998739,label_412.png,penalty_412.png,sample_412.png,seed_412.png
413,0.0,29,25,19,51,27.85677655436824,label_413.png,penalty_413.png,sample_413.png,seed_413.png
414,0.0,11,12,51,34,45.65084884205331,label_414.png,penalty_414.png,sample_414.png,seed_414.png
415,0.0,52,40,11,12,49.64876634922564,label_415.png,penalty_415.png,sample_415.png,seed_415.png
416,1.0,42,33,42,13,20.0,label_416.png,penalty_416.png,sample_416.png,seed_416.png
417,0.0,30,29,52,41,25.059928172283335,label_417.png,penalty_417.png,sample_417.png,seed_417.png
418,1.0,34,53,37,45,8.54400374531753,label_418.png,penalty_418.png,sample_418.png,seed_418.png
419,0.0,33,50,11,49,22.02271554554524,label_419.png,penalty_419.png,sample_419.png,seed_419.png
420,1.0,27,29,18,33,9.848857801796104,label_420.png,penalty_420.png,sample_420.png,seed_420.png
421,1.0,29,25,45,19,17.08800749063506,label_421.png,penalty_421.png,sample_421.png,seed_421.png
422,0.0,45,11,52,53,42.579337712087536,label_422.png,penalty_422.png,sample_422.png,seed_422.png
423,1.0,40,15,26,15,14.0,label_423.png,penalty_423.png,sample_423.png,seed_423.png
424,0.0,51,45,11,49,40.19950248448356,label_424.png,penalty_424.png,sample_424.png,seed_424.png
425,0.0,25,52,10,14,40.85339643163099,label_425.png,penalty_425.png,sample_425.png,seed_425.png
426,1.0,21,28,25,21,8.06225774829855,label_426.png,penalty_426.png,sample_426.png,seed_426.png
427,0.0,29,14,30,44,30.01666203960727,label_427.png,penalty_427.png,sample_427.png,seed_427.png
428,0.0,49,26,10,35,40.024992192379,label_428.png,penalty_428.png,sample_428.png,seed_428.png
429,1.0,14,12,24,29,19.72308292331602,label_429.png,penalty_429.png,sample_429.png,seed_429.png
430,1.0,36,26,23,33,14.7648230602334,label_430.png,penalty_430.png,sample_430.png,seed_430.png
431,0.0,49,50,27,29,30.4138126514911,label_431.png,penalty_431.png,sample_431.png,seed_431.png
432,0.0,22,39,50,50,30.083217912982647,label_432.png,penalty_432.png,sample_432.png,seed_432.png
433,0.0,35,41,25,14,28.792360097775937,label_433.png,penalty_433.png,sample_433.png,seed_433.png
434,1.0,16,36,29,48,17.69180601295413,label_434.png,penalty_434.png,sample_434.png,seed_434.png
435,0.0,46,21,20,42,33.421549934136806,label_435.png,penalty_435.png,sample_435.png,seed_435.png
436,0.0,31,17,10,25,22.47220505424423,label_436.png,penalty_436.png,sample_436.png,seed_436.png
437,0.0,31,29,40,47,20.12461179749811,label_437.png,penalty_437.png,sample_437.png,seed_437.png
438,0.0,53,47,21,38,33.24154027718932,label_438.png,penalty_438.png,sample_438.png,seed_438.png
439,0.0,31,12,31,37,25.0,label_439.png,penalty_439.png,sample_439.png,seed_439.png
440,0.0,12,16,33,16,21.0,label_440.png,penalty_440.png,sample_440.png,seed_440.png
441,0.0,45,11,22,32,31.144823004794873,label_441.png,penalty_441.png,sample_441.png,seed_441.png
442,0.0,18,45,43,38,25.96150997149434,label_442.png,penalty_442.png,sample_442.png,seed_442.png
443,1.0,12,48,21,31,19.235384061671343,label_443.png,penalty_443.png,sample_443.png,seed_443.png
444,1.0,20,52,36,47,16.76305461424021,label_444.png,penalty_444.png,sample_444.png,seed_444.png
445,0.0,48,10,23,45,43.01162633521314,label_445.png,penalty_445.png,sample_445.png,seed_445.png
446,1.0,49,32,47,17,15.132745950421556,label_446.png,penalty_446.png,sample_446.png,seed_446.png
447,1.0,33,27,46,15,17.69180601295413,label_447.png,penalty_447.png,sample_447.png,seed_447.png
448,0.0,22,30,51,39,30.364452901377952,label_448.png,penalty_448.png,sample_448.png,seed_448.png
449,0.0,53,51,19,16,48.79549159502341,label_449.png,penalty_449.png,sample_449.png,seed_449.png
450,0.0,19,39,46,22,31.906112267087632,label_450.png,penalty_450.png,sample_450.png,seed_450.png
451,0.0,31,46,24,22,25.0,label_451.png,penalty_451.png,sample_451.png,seed_451.png
452,0.0,11,18,22,43,27.313000567495326,label_452.png,penalty_452.png,sample_452.png,seed_452.png
453,1.0,17,17,21,19,4.47213595499958,label_453.png,penalty_453.png,sample_453.png,seed_453.png
454,1.0,33,19,24,20,9.055385138137417,label_454.png,penalty_454.png,sample_454.png,seed_454.png
455,0.0,12,19,37,46,36.796738985948195,label_455.png,penalty_455.png,sample_455.png,seed_455.png
456,1.0,19,40,21,53,13.152946437965905,label_456.png,penalty_456.png,sample_456.png,seed_456.png
457,1.0,15,15,32,12,17.26267650163207,label_457.png,penalty_457.png,sample_457.png,seed_457.png
458,0.0,53,44,33,14,36.05551275463989,label_458.png,penalty_458.png,sample_458.png,seed_458.png
459,1.0,37,27,29,23,8.94427190999916,label_459.png,penalty_459.png,sample_459.png,seed_459.png
460,0.0,53,28,16,34,37.48332962798263,label_460.png,penalty_460.png,sample_460.png,seed_460.png
461,1.0,37,28,41,41,13.601470508735444,label_461.png,penalty_461.png,sample_461.png,seed_461.png
462,1.0,21,24,26,22,5.385164807134504,label_462.png,penalty_462.png,sample_462.png,seed_462.png
463,1.0,47,41,47,42,1.0,label_463.png,penalty_463.png,sample_463.png,seed_463.png
464,1.0,31,12,35,26,14.560219778561036,label_464.png,penalty_464.png,sample_464.png,seed_464.png
465,0.0,32,21,22,50,30.675723300355934,label_465.png,penalty_465.png,sample_465.png,seed_465.png
466,0.0,13,46,19,23,23.769728648009426,label_466.png,penalty_466.png,sample_466.png,seed_466.png
467,0.0,14,53,13,10,43.01162633521314,label_467.png,penalty_467.png,sample_467.png,seed_467.png
468,1.0,47,18,48,34,16.0312195418814,label_468.png,penalty_468.png,sample_468.png,seed_468.png
469,1.0,26,49,41,51,15.132745950421556,label_469.png,penalty_469.png,sample_469.png,seed_469.png
470,0.0,49,13,40,51,39.05124837953327,label_470.png,penalty_470.png,sample_470.png,seed_470.png
471,0.0,27,47,12,10,39.92492955535426,label_471.png,penalty_471.png,sample_471.png,seed_471.png
472,0.0,25,18,25,47,29.0,label_472.png,penalty_472.png,sample_472.png,seed_472.png
473,1.0,49,37,31,30,19.313207915827967,label_473.png,penalty_473.png,sample_473.png,seed_473.png
474,1.0,22,23,22,15,8.0,label_474.png,penalty_474.png,sample_474.png,seed_474.png
475,1.0,38,39,26,52,17.69180601295413,label_475.png,penalty_475.png,sample_475.png,seed_475.png
476,0.0,14,14,15,47,33.015148038438355,label_476.png,penalty_476.png,sample_476.png,seed_476.png
477,0.0,32,14,22,44,31.622776601683793,label_477.png,penalty_477.png,sample_477.png,seed_477.png
478,1.0,30,44,36,51,9.219544457292887,label_478.png,penalty_478.png,sample_478.png,seed_478.png
479,1.0,52,22,50,36,14.142135623730951,label_479.png,penalty_479.png,sample_479.png,seed_479.png
480,1.0,15,30,16,36,6.082762530298219,label_480.png,penalty_480.png,sample_480.png,seed_480.png
481,0.0,11,15,33,13,22.090722034374522,label_481.png,penalty_481.png,sample_481.png,seed_481.png
482,0.0,16,24,33,38,22.02271554554524,label_482.png,penalty_482.png,sample_482.png,seed_482.png
483,1.0,41,19,31,36,19.72308292331602,label_483.png,penalty_483.png,sample_483.png,seed_483.png
484,1.0,33,25,25,13,14.422205101855956,label_484.png,penalty_484.png,sample_484.png,seed_484.png
485,0.0,37,40,21,27,20.615528128088304,label_485.png,penalty_485.png,sample_485.png,seed_485.png
486,1.0,23,44,16,42,7.280109889280518,label_486.png,penalty_486.png,sample_486.png,seed_486.png
487,1.0,25,16,40,26,18.027756377319946,label_487.png,penalty_487.png,sample_487.png,seed_487.png
488,0.0,47,18,21,21,26.1725046566048,label_488.png,penalty_488.png,sample_488.png,seed_488.png
489,0.0,22,38,50,19,33.83784863137726,label_489.png,penalty_489.png,sample_489.png,seed_489.png
490,1.0,10,28,28,33,18.681541692269406,label_490.png,penalty_490.png,sample_490.png,seed_490.png
491,1.0,34,42,40,52,11.661903789690601,label_491.png,penalty_491.png,sample_491.png,seed_491.png
492,0.0,18,53,36,43,20.591260281974,label_492.png,penalty_492.png,sample_492.png,seed_492.png
493,1.0,30,29,22,43,16.1245154965971,label_493.png,penalty_493.png,sample_493.png,seed_493.png
494,0.0,12,11,49,46,50.93132631298737,label_494.png,penalty_494.png,sample_494.png,seed_494.png
495,0.0,43,53,19,53,24.0,label_495.png,penalty_495.png,sample_495.png,seed_495.png
496,0.0,44,37,41,14,23.194827009486403,label_496.png,penalty_496.png,sample_496.png,seed_496.png
497,1.0,20,26,26,15,12.529964086141668,label_497.png,penalty_497.png,sample_497.png,seed_497.png
498,0.0,46,53,24,45,23.40939982143925,label_498.png,penalty_498.png,sample_498.png,seed_498.png
499,0.0,27,49,10,22,31.906112267087632,label_499.png,penalty_499.png,sample_499.png,seed_499.png
500,1.0,26,36,11,32,15.524174696260024,label_500.png,penalty_500.png,sample_500.png,seed_500.png
501,1.0,39,34,37,44,10.198039027185569,label_501.png,penalty_501.png,sample_501.png,seed_501.png
502,1.0,31,35,35,38,5.0,label_502.png,penalty_502.png,sample_502.png,seed_502.png
503,0.0,30,15,19,41,28.231188426986208,label_503.png,penalty_503.png,sample_503.png,seed_503.png
504,0.0,13,37,53,11,47.70744176750625,label_504.png,penalty_504.png,sample_504.png,seed_504.png
505,0.0,24,12,52,34,35.608987629529715,label_505.png,penalty_505.png,sample_505.png,seed_505.png
506,0.0,24,15,49,16,25.019992006393608,label_506.png,penalty_506.png,sample_506.png,seed_506.png
507,0.0,26,43,31,10,33.37663853655727,label_507.png,penalty_507.png,sample_507.png,seed_507.png
508,1.0,35,30,46,43,17.029386365926403,label_508.png,penalty_508.png,sample_508.png,seed_508.png
509,1.0,42,46,50,43,8.54400374531753,label_509.png,penalty_509.png,sample_509.png,seed_509.png
510,0.0,16,29,48,33,32.2490309931942,label_510.png,penalty_510.png,sample_510.png,seed_510.png
511,0.0,32,47,31,20,27.018512172212592,label_511.png,penalty_511.png,sample_511.png,seed_511.png
512,1.0,26,33,25,35,2.23606797749979,label_512.png,penalty_512.png,sample_512.png,seed_512.png
513,1.0,45,31,49,17,14.560219778561036,label_513.png,penalty_513.png,sample_513.png,seed_513.png
514,1.0,41,29,49,32,8.54400374531753,label_514.png,penalty_514.png,sample_514.png,seed_514.png
515,0.0,53,19,27,43,35.38361202590826,label_515.png,penalty_515.png,sample_515.png,seed_515.png
516,0.0,20,24,45,48,34.655446902326915,label_516.png,penalty_516.png,sample_516.png,seed_516.png
517,1.0,26,27,13,22,13.92838827718412,label_517.png,penalty_517.png,sample_517.png,seed_517.png
518,0.0,51,52,16,44,35.90264614203248,label_518.png,penalty_518.png,sample_518.png,seed_518.png
519,1.0,31,28,29,33,5.385164807134504,label_519.png,penalty_519.png,sample_519.png,seed_519.png
520,0.0,38,30,18,50,28.284271247461902,label_520.png,penalty_520.png,sample_520.png,seed_520.png
521,1.0,29,30,11,26,18.439088914585774,label_521.png,penalty_521.png,sample_521.png,seed_521.png
522,0.0,24,30,10,45,20.518284528683193,label_522.png,penalty_522.png,sample_522.png,seed_522.png
523,1.0,47,18,44,27,9.486832980505138,label_523.png,penalty_523.png,sample_523.png,seed_523.png
524,1.0,19,22,27,34,14.422205101855956,label_524.png,penalty_524.png,sample_524.png,seed_524.png
525,0.0,12,38,43,38,31.0,label_525.png,penalty_525.png,sample_525.png,seed_525.png
526,0.0,45,16,25,31,25.0,label_526.png,penalty_526.png,sample_526.png,seed_526.png
527,0.0,46,12,10,34,42.190046219457976,label_527.png,penalty_527.png,sample_527.png,seed_527.png
528,1.0,33,42,47,52,17.204650534085253,label_528.png,penalty_528.png,sample_528.png,seed_528.png
529,0.0,40,36,20,46,22.360679774997898,label_529.png,penalty_529.png,sample_529.png,seed_529.png
530,1.0,27,29,27,12,17.0,label_530.png,penalty_530.png,sample_530.png,seed_530.png
531,0.0,20,32,41,48,26.40075756488817,label_531.png,penalty_531.png,sample_531.png,seed_531.png
532,1.0,48,23,42,32,10.816653826391969,label_532.png,penalty_532.png,sample_532.png,seed_532.png
533,1.0,48,15,47,32,17.029386365926403,label_533.png,penalty_533.png,sample_533.png,seed_533.png
534,0.0,50,53,46,16,37.21558813185679,label_534.png,penalty_534.png,sample_534.png,seed_534.png
535,0.0,16,31,17,51,20.024984394500787,label_535.png,penalty_535.png,sample_535.png,seed_535.png
536,0.0,46,32,25,47,25.80697580112788,label_536.png,penalty_536.png,sample_536.png,seed_536.png
537,0.0,25,47,48,39,24.351591323771842,label_537.png,penalty_537.png,sample_537.png,seed_537.png
538,0.0,19,49,49,38,31.953090617340916,label_538.png,penalty_538.png,sample_538.png,seed_538.png
539,0.0,48,28,19,52,37.64306044943742,label_539.png,penalty_539.png,sample_539.png,seed_539.png
540,0.0,16,27,50,13,36.76955262170047,label_540.png,penalty_540.png,sample_540.png,seed_540.png
541,1.0,31,28,48,31,17.26267650163207,label_541.png,penalty_541.png,sample_541.png,seed_541.png
542,0.0,39,29,17,16,25.553864678361276,label_542.png,penalty_542.png,sample_542.png,seed_542.png
543,0.0,10,27,51,33,41.43669871020132,label_543.png,penalty_543.png,sample_543.png,seed_543.png
544,0.0,20,18,23,40,22.20360331117452,label_544.png,penalty_544.png,sample_544.png,seed_544.png
545,0.0,50,27,24,11,30.528675044947494,label_545.png,penalty_545.png,sample_545.png,seed_545.png
546,0.0,30,14,28,47,33.06055050963308,label_546.png,penalty_546.png,sample_546.png,seed_546.png
547,0.0,24,17,46,33,27.202941017470888,label_547.png,penalty_547.png,sample_547.png,seed_547.png
548,0.0,22,25,51,15,30.675723300355934,label_548.png,penalty_548.png,sample_548.png,seed_548.png
549,0.0,12,36,41,10,38.948684188300895,label_549.png,penalty_549.png,sample_549.png,seed_549.png
550,0.0,34,48,12,43,22.561028345356956,label_550.png,penalty_550.png,sample_550.png,seed_550.png
551,1.0,17,48,14,31,17.26267650163207,label_551.png,penalty_551.png,sample_551.png,seed_551.png
552,1.0,15,41,33,48,19.313207915827967,label_552.png,penalty_552.png,sample_552.png,seed_552.png
553,1.0,44,27,41,13,14.317821063276353,label_553.png,penalty_553.png,sample_553.png,seed_553.png
554,1.0,29,44,10,50,19.924858845171276,label_554.png,penalty_554.png,sample_554.png,seed_554.png
555,0.0,50,50,17,18,45.967379738244816,label_555.png,penalty_555.png,sample_555.png,seed_555.png
556,0.0,44,47,29,11,39.0,label_556.png,penalty_556.png,sample_556.png,seed_556.png
557,0.0,51,29,37,46,22.02271554554524,label_557.png,penalty_557.png,sample_557.png,seed_557.png
558,0.0,22,30,46,44,27.784887978899608,label_558.png,penalty_558.png,sample_558.png,seed_558.png
559,1.0,31,51,33,46,5.385164807134504,label_559.png,penalty_559.png,sample_559.png,seed_559.png
560,0.0,16,18,23,48,30.805843601498726,label_560.png,penalty_560.png,sample_560.png,seed_560.png
561,0.0,30,46,39,10,37.107950630558946,label_561.png,penalty_561.png,sample_561.png,seed_561.png
562,0.0,26,17,32,44,27.65863337187866,label_562.png,penalty_562.png,sample_562.png,seed_562.png
563,0.0,10,48,33,38,25.079872407968907,label_563.png,penalty_563.png,sample_563.png,seed_563.png
564,1.0,50,33,47,31,3.605551275463989,label_564.png,penalty_564.png,sample_564.png,seed_564.png
565,0.0,16,51,34,23,33.28663395418648,label_565.png,penalty_565.png,sample_565.png,seed_565.png
566,0.0,33,31,41,12,20.615528128088304,label_566.png,penalty_566.png,sample_566.png,seed_566.png
567,0.0,43,27,15,31,28.284271247461902,label_567.png,penalty_567.png,sample_567.png,seed_567.png
568,0.0,23,29,44,51,30.4138126514911,label_568.png,penalty_568.png,sample_568.png,seed_568.png
569,1.0,16,39,16,48,9.0,label_569.png,penalty_569.png,sample_569.png,seed_569.png
570,0.0,21,46,41,37,21.93171219946131,label_570.png,penalty_570.png,sample_570.png,seed_570.png
571,1.0,40,43,45,27,16.76305461424021,label_571.png,penalty_571.png,sample_571.png,seed_571.png
572,1.0,47,34,38,33,9.055385138137417,label_572.png,penalty_572.png,sample_572.png,seed_572.png
573,1.0,43,10,34,27,19.235384061671343,label_573.png,penalty_573.png,sample_573.png,seed_573.png
574,0.0,19,52,51,20,45.254833995939045,label_574.png,penalty_574.png,sample_574.png,seed_574.png
575,1.0,32,34,44,48,18.439088914585774,label_575.png,penalty_575.png,sample_575.png,seed_575.png
576,1.0,36,45,42,52,9.219544457292887,label_576.png,penalty_576.png,sample_576.png,seed_576.png
577,0.0,12,27,37,10,30.23243291566195,label_577.png,penalty_577.png,sample_577.png,seed_577.png
578,1.0,42,41,36,52,12.529964086141668,label_578.png,penalty_578.png,sample_578.png,seed_578.png
579,1.0,46,20,28,16,18.439088914585774,label_579.png,penalty_579.png,sample_579.png,seed_579.png
580,1.0,41,32,51,17,18.027756377319946,label_580.png,penalty_580.png,sample_580.png,seed_580.png
581,1.0,36,38,31,43,7.0710678118654755,label_581.png,penalty_581.png,sample_581.png,seed_581.png
582,0.0,32,50,22,10,41.23105625617661,label_582.png,penalty_582.png,sample_582.png,seed_582.png
583,0.0,14,44,23,15,30.364452901377952,label_583.png,penalty_583.png,sample_583.png,seed_583.png
584,1.0,36,38,46,47,13.45362404707371,label_584.png,penalty_584.png,sample_584.png,seed_584.png
585,1.0,11,39,21,25,17.204650534085253,label_585.png,penalty_585.png,sample_585.png,seed_585.png
586,1.0,32,19,32,11,8.0,label_586.png,penalty_586.png,sample_586.png,seed_586.png
587,1.0,15,39,11,41,4.47213595499958,label_587.png,penalty_587.png,sample_587.png,seed_587.png
588,0.0,24,16,13,53,38.600518131237564,label_588.png,penalty_588.png,sample_588.png,seed_588.png
589,0.0,33,35,35,14,21.095023109728988,label_589.png,penalty_589.png,sample_589.png,seed_589.png
590,0.0,52,13,24,11,28.071337695236398,label_590.png,penalty_590.png,sample_590.png,seed_590.png
591,1.0,15,38,27,34,12.649110640673518,label_591.png,penalty_591.png,sample_591.png,seed_591.png
592,0.0,17,16,45,30,31.304951684997057,label_592.png,penalty_592.png,sample_592.png,seed_592.png
593,0.0,51,42,17,31,35.73513677041127,label_593.png,penalty_593.png,sample_593.png,seed_593.png
594,1.0,26,30,37,41,15.556349186104045,label_594.png,penalty_594.png,sample_594.png,seed_594.png
595,0.0,49,36,15,42,34.52535300326414,label_595.png,penalty_595.png,sample_595.png,seed_595.png
596,1.0,41,41,47,22,19.924858845171276,label_596.png,penalty_596.png,sample_596.png,seed_596.png
597,0.0,17,31,38,36,21.587033144922902,label_597.png,penalty_597.png,sample_597.png,seed_597.png
598,1.0,29,35,45,36,16.0312195418814,label_598.png,penalty_598.png,sample_598.png,seed_598.png
599,1.0,16,20,22,18,6.324555320336759,label_599.png,penalty_599.png,sample_599.png,seed_599.png
600,0.0,21,13,18,40,27.16615541441225,label_600.png,penalty_600.png,sample_600.png,seed_600.png
601,1.0,24,22,20,15,8.06225774829855,label_601.png,penalty_601.png,sample_601.png,seed_601.png
602,1.0,13,41,14,46,5.0990195135927845,label_602.png,penalty_602.png,sample_602.png,seed_602.png
603,1.0,20,33,11,46,15.811388300841896,label_603.png,penalty_603.png,sample_603.png,seed_603.png
604,0.0,33,43,23,21,24.166091947189145,label_604.png,penalty_604.png,sample_604.png,seed_604.png
605,1.0,10,14,17,20,9.219544457292887,label_605.png,penalty_605.png,sample_605.png,seed_605.png
606,0.0,20,16,45,19,25.179356624028344,label_606.png,penalty_606.png,sample_606.png,seed_606.png
607,0.0,15,21,14,44,23.021728866442675,label_607.png,penalty_607.png,sample_607.png,seed_607.png
608,0.0,17,37,44,24,29.966648127543394,label_608.png,penalty_608.png,sample_608.png,seed_608.png
609,0.0,48,22,12,19,36.124783736376884,label_609.png,penalty_609.png,sample_609.png,seed_609.png
610,0.0,36,13,10,14,26.019223662515376,label_610.png,penalty_610.png,sample_610.png,seed_610.png
611,1.0,40,39,49,32,11.40175425099138,label_611.png,penalty_611.png,sample_611.png,seed_611.png
612,0.0,18,10,28,30,22.360679774997898,label_612.png,penalty_612.png,sample_612.png,seed_612.png
613,1.0,35,35,45,40,11.180339887498949,label_613.png,penalty_613.png,sample_613.png,seed_613.png
614,0.0,44,30,13,40,32.57299494980466,label_614.png,penalty_614.png,sample_614.png,seed_614.png
615,0.0,17,42,37,45,20.223748416156685,label_615.png,penalty_615.png,sample_615.png,seed_615.png
616,1.0,20,36,22,21,15.132745950421556,label_616.png,penalty_616.png,sample_616.png,seed_616.png
617,0.0,15,23,23,43,21.540659228538015,label_617.png,penalty_617.png,sample_617.png,seed_617.png
618,0.0,44,21,20,23,24.08318915758459,label_618.png,penalty_618.png,sample_618.png,seed_618.png
619,1.0,29,47,17,32,19.209372712298546,label_619.png,penalty_619.png,sample_619.png,seed_619.png
620,1.0,13,25,10,27,3.605551275463989,label_620.png,penalty_620.png,sample_620.png,seed_620.png
621,1.0,28,38,19,43,10.295630140987,label_621.png,penalty_621.png,sample_621.png,seed_621.png
622,1.0,29,33,39,32,10.04987562112089,label_622.png,penalty_622.png,sample_622.png,seed_622.png
623,0.0,25,24,35,49,26.92582403567252,label_623.png,penalty_623.png,sample_623.png,seed_623.png
624,1.0,47,11,37,23,15.620499351813308,label_624.png,penalty_624.png,sample_624.png,seed_624.png
625,1.0,26,35,30,20,15.524174696260024,label_625.png,penalty_625.png,sample_625.png,seed_625.png
626,0.0,13,17,45,34,36.235341863986875,label_626.png,penalty_626.png,sample_626.png,seed_626.png
627,0.0,15,41,48,37,33.24154027718932,label_627.png,penalty_627.png,sample_627.png,seed_627.png
628,1.0,34,35,52,31,18.439088914585774,label_628.png,penalty_628.png,sample_628.png,seed_628.png
629,0.0,13,15,28,32,22.67156809750927,label_629.png,penalty_629.png,sample_629.png,seed_629.png
630,1.0,34,50,36,38,12.165525060596439,label_630.png,penalty_630.png,sample_630.png,seed_630.png
631,0.0,42,51,41,10,41.012193308819754,label_631.png,penalty_631.png,sample_631.png,seed_631.png
632,1.0,22,19,29,33,15.652475842498529,label_632.png,penalty_632.png,sample_632.png,seed_632.png
633,1.0,38,21,33,17,6.4031242374328485,label_633.png,penalty_633.png,sample_633.png,seed_633.png
634,1.0,23,28,35,24,12.649110640673518,label_634.png,penalty_634.png,sample_634.png,seed_634.png
635,1.0,44,28,45,23,5.0990195135927845,label_635.png,penalty_635.png,sample_635.png,seed_635.png
636,0.0,24,53,35,21,33.83784863137726,label_636.png,penalty_636.png,sample_636.png,seed_636.png
637,0.0,22,53,20,24,29.068883707497267,label_637.png,penalty_637.png,sample_637.png,seed_637.png
638,1.0,37,34,43,19,16.15549442140351,label_638.png,penalty_638.png,sample_638.png,seed_638.png
639,0.0,18,47,31,15,34.539832078341085,label_639.png,penalty_639.png,sample_639.png,seed_639.png
640,0.0,52,46,21,11,46.75467891024384,label_640.png,penalty_640.png,sample_640.png,seed_640.png
641,0.0,15,37,42,32,27.459060435491963,label_641.png,penalty_641.png,sample_641.png,seed_641.png
642,1.0,16,48,13,49,3.1622776601683795,label_642.png,penalty_642.png,sample_642.png,seed_642.png
643,1.0,41,28,45,37,9.848857801796104,label_643.png,penalty_643.png,sample_643.png,seed_643.png
644,1.0,45,51,28,43,18.788294228055936,label_644.png,penalty_644.png,sample_644.png,seed_644.png
645,1.0,27,20,40,21,13.038404810405298,label_645.png,penalty_645.png,sample_645.png,seed_645.png
646,0.0,19,52,30,32,22.825424421026653,label_646.png,penalty_646.png,sample_646.png,seed_646.png
647,1.0,41,49,50,48,9.055385138137417,label_647.png,penalty_647.png,sample_647.png,seed_647.png
648,1.0,33,37,21,50,17.69180601295413,label_648.png,penalty_648.png,sample_648.png,seed_648.png
649,1.0,45,13,45,12,1.0,label_649.png,penalty_649.png,sample_649.png,seed_649.png
650,1.0,42,43,48,33,11.661903789690601,label_650.png,penalty_650.png,sample_650.png,seed_650.png
651,1.0,26,48,24,29,19.1049731745428,label_651.png,penalty_651.png,sample_651.png,seed_651.png
652,1.0,34,24,39,13,12.083045973594572,label_652.png,penalty_652.png,sample_652.png,seed_652.png
653,1.0,35,39,52,30,19.235384061671343,label_653.png,penalty_653.png,sample_653.png,seed_653.png
654,0.0,28,53,24,29,24.331050121192877,label_654.png,penalty_654.png,sample_654.png,seed_654.png
655,0.0,51,52,25,14,46.04345773288535,label_655.png,penalty_655.png,sample_655.png,seed_655.png
656,1.0,41,36,51,28,12.806248474865697,label_656.png,penalty_656.png,sample_656.png,seed_656.png
657,0.0,24,48,11,19,31.78049716414141,label_657.png,penalty_657.png,sample_657.png,seed_657.png
658,0.0,32,42,41,10,33.24154027718932,label_658.png,penalty_658.png,sample_658.png,seed_658.png
659,1.0,39,27,38,43,16.0312195418814,label_659.png,penalty_659.png,sample_659.png,seed_659.png
660,0.0,25,31,48,49,29.206163733020468,label_660.png,penalty_660.png,sample_660.png,seed_660.png
661,0.0,23,53,19,27,26.30589287593181,label_661.png,penalty_661.png,sample_661.png,seed_661.png
662,0.0,43,52,20,38,26.92582403567252,label_662.png,penalty_662.png,sample_662.png,seed_662.png
663,1.0,36,35,25,47,16.278820596099706,label_663.png,penalty_663.png,sample_663.png,seed_663.png
664,1.0,23,13,30,21,10.63014581273465,label_664.png,penalty_664.png,sample_664.png,seed_664.png
665,1.0,30,27,16,22,14.866068747318506,label_665.png,penalty_665.png,sample_665.png,seed_665.png
666,1.0,48,31,44,46,15.524174696260024,label_666.png,penalty_666.png,sample_666.png,seed_666.png
667,0.0,36,41,48,10,33.24154027718932,label_667.png,penalty_667.png,sample_667.png,seed_667.png
668,0.0,14,44,50,44,36.0,label_668.png,penalty_668.png,sample_668.png,seed_668.png
669,0.0,41,20,29,38,21.633307652783937,label_669.png,penalty_669.png,sample_669.png,seed_669.png
670,0.0,52,49,35,21,32.7566787083184,label_670.png,penalty_670.png,sample_670.png,seed_670.png
671,0.0,10,34,28,17,24.758836806279895,label_671.png,penalty_671.png,sample_671.png,seed_671.png
672,1.0,11,40,23,46,13.416407864998739,label_672.png,penalty_672.png,sample_672.png,seed_672.png
673,1.0,44,24,44,11,13.0,label_673.png,penalty_673.png,sample_673.png,seed_673.png
674,0.0,39,12,19,34,29.732137494637012,label_674.png,penalty_674.png,sample_674.png,seed_674.png
675,0.0,14,23,50,23,36.0,label_675.png,penalty_675.png,sample_675.png,seed_675.png
676,1.0,38,33,43,27,7.810249675906654,label_676.png,penalty_676.png,sample_676.png,seed_676.png
677,0.0,41,40,15,43,26.1725046566048,label_677.png,penalty_677.png,sample_677.png,seed_677.png
678,1.0,39,43,34,40,5.830951894845301,label_678.png,penalty_678.png,sample_678.png,seed_678.png
679,0.0,53,26,31,37,24.596747752497688,label_679.png,penalty_679.png,sample_679.png,seed_679.png
680,0.0,14,26,22,53,28.160255680657446,label_680.png,penalty_680.png,sample_680.png,seed_680.png
681,0.0,33,19,51,44,30.805843601498726,label_681.png,penalty_681.png,sample_681.png,seed_681.png
682,0.0,11,34,49,15,42.485291572496,label_682.png,penalty_682.png,sample_682.png,seed_682.png
683,0.0,33,37,41,16,22.47220505424423,label_683.png,penalty_683.png,sample_683.png,seed_683.png
684,0.0,53,46,17,41,36.345563690772494,label_684.png,penalty_684.png,sample_684.png,seed_684.png
685,1.0,20,42,29,39,9.486832980505138,label_685.png,penalty_685.png,sample_685.png,seed_685.png
686,0.0,15,25,21,51,26.68332812825267,label_686.png,penalty_686.png,sample_686.png,seed_686.png
687,1.0,19,27,20,45,18.027756377319946,label_687.png,penalty_687.png,sample_687.png,seed_687.png
688,1.0,13,25,13,14,11.0,label_688.png,penalty_688.png,sample_688.png,seed_688.png
689,0.0,42,35,17,43,26.248809496813376,label_689.png,penalty_689.png,sample_689.png,seed_689.png
690,0.0,40,52,24,23,33.12099032335839,label_690.png,penalty_690.png,sample_690.png,seed_690.png
691,1.0,21,50,25,32,18.439088914585774,label_691.png,penalty_691.png,sample_691.png,seed_691.png
692,0.0,46,14,41,38,24.515301344262525,label_692.png,penalty_692.png,sample_692.png,seed_692.png
693,0.0,36,13,30,36,23.769728648009426,label_693.png,penalty_693.png,sample_693.png,seed_693.png
694,1.0,24,31,32,16,17.0,label_694.png,penalty_694.png,sample_694.png,seed_694.png
695,0.0,30,36,12,46,20.591260281974,label_695.png,penalty_695.png,sample_695.png,seed_695.png
696,0.0,51,31,23,18,30.870698080866262,label_696.png,penalty_696.png,sample_696.png,seed_696.png
697,0.0,11,18,46,11,35.6931365951495,label_697.png,penalty_697.png,sample_697.png,seed_697.png
698,1.0,44,37,51,21,17.46424919657298,label_698.png,penalty_698.png,sample_698.png,seed_698.png
699,0.0,17,10,19,49,39.05124837953327,label_699.png,penalty_699.png,sample_699.png,seed_699.png
700,0.0,13,14,46,33,38.07886552931954,label_700.png,penalty_700.png,sample_700.png,seed_700.png
701,0.0,29,39,38,18,22.847319317591726,label_701.png,penalty_701.png,sample_701.png,seed_701.png
702,1.0,41,18,31,30,15.620499351813308,label_702.png,penalty_702.png,sample_702.png,seed_702.png
703,1.0,44,41,35,51,13.45362404707371,label_703.png,penalty_703.png,sample_703.png,seed_703.png
704,1.0,44,49,50,39,11.661903789690601,label_704.png,penalty_704.png,sample_704.png,seed_704.png
705,1.0,42,30,51,37,11.40175425099138,label_705.png,penalty_705.png,sample_705.png,seed_705.png
706,1.0,32,46,17,40,16.15549442140351,label_706.png,penalty_706.png,sample_706.png,seed_706.png
707,0.0,16,44,42,18,36.76955262170047,label_707.png,penalty_707.png,sample_707.png,seed_707.png
708,1.0,50,20,34,14,17.08800749063506,label_708.png,penalty_708.png,sample_708.png,seed_708.png
709,0.0,48,42,14,20,40.496913462633174,label_709.png,penalty_709.png,sample_709.png,seed_709.png
710,0.0,33,35,13,49,24.413111231467404,label_710.png,penalty_710.png,sample_710.png,seed_710.png
711,1.0,20,52,10,42,14.142135623730951,label_711.png,penalty_711.png,sample_711.png,seed_711.png
712,0.0,17,49,12,25,24.515301344262525,label_712.png,penalty_712.png,sample_712.png,seed_712.png
713,0.0,28,32,42,52,24.413111231467404,label_713.png,penalty_713.png,sample_713.png,seed_713.png
714,1.0,30,29,33,33,5.0,label_714.png,penalty_714.png,sample_714.png,seed_714.png
715,0.0,45,11,24,53,46.95742752749558,label_715.png,penalty_715.png,sample_715.png,seed_715.png
716,1.0,15,36,27,46,15.620499351813308,label_716.png,penalty_716.png,sample_716.png,seed_716.png
717,0.0,37,22,19,37,23.430749027719962,label_717.png,penalty_717.png,sample_717.png,seed_717.png
718,1.0,37,27,49,13,18.439088914585774,label_718.png,penalty_718.png,sample_718.png,seed_718.png
719,0.0,48,17,10,29,39.84971769034255,label_719.png,penalty_719.png,sample_719.png,seed_719.png
720,1.0,52,23,39,29,14.317821063276353,label_720.png,penalty_720.png,sample_720.png,seed_720.png
721,0.0,47,37,44,16,21.213203435596427,label_721.png,penalty_721.png,sample_721.png,seed_721.png
722,0.0,25,53,26,22,31.016124838541646,label_722.png,penalty_722.png,sample_722.png,seed_722.png
723,0.0,50,17,28,52,41.340053217188775,label_723.png,penalty_723.png,sample_723.png,seed_723.png
724,0.0,17,10,49,11,32.01562118716424,label_724.png,penalty_724.png,sample_724.png,seed_724.png
725,0.0,10,40,36,35,26.476404589747453,label_725.png,penalty_725.png,sample_725.png,seed_725.png
726,0.0,40,10,40,35,25.0,label_726.png,penalty_726.png,sample_726.png,seed_726.png
727,0.0,40,37,16,24,27.294688127912362,label_727.png,penalty_727.png,sample_727.png,seed_727.png
728,1.0,12,44,14,34,10.198039027185569,label_728.png,penalty_728.png,sample_728.png,seed_728.png
729,1.0,49,37,47,36,2.23606797749979,label_729.png,penalty_729.png,sample_729.png,seed_729.png
730,0.0,20,35,40,33,20.09975124224178,label_730.png,penalty_730.png,sample_730.png,seed_730.png
731,0.0,51,40,32,10,35.510561809129406,label_731.png,penalty_731.png,sample_731.png,seed_731.png
732,0.0,13,23,52,31,39.81205847478876,label_732.png,penalty_732.png,sample_732.png,seed_732.png
733,1.0,32,19,25,31,13.892443989449804,label_733.png,penalty_733.png,sample_733.png,seed_733.png
734,0.0,14,11,51,21,38.3275357934736,label_734.png,penalty_734.png,sample_734.png,seed_734.png
735,0.0,38,13,15,22,24.698178070456937,label_735.png,penalty_735.png,sample_735.png,seed_735.png
736,1.0,15,36,13,36,2.0,label_736.png,penalty_736.png,sample_736.png,seed_736.png
737,1.0,33,27,39,23,7.211102550927978,label_737.png,penalty_737.png,sample_737.png,seed_737.png
738,0.0,33,15,19,46,34.0147027033899,label_738.png,penalty_738.png,sample_738.png,seed_738.png
739,0.0,11,44,45,15,44.68780594300866,label_739.png,penalty_739.png,sample_739.png,seed_739.png
740,1.0,26,48,40,44,14.560219778561036,label_740.png,penalty_740.png,sample_740.png,seed_740.png
741,0.0,36,20,53,32,20.808652046684813,label_741.png,penalty_741.png,sample_741.png,seed_741.png
742,0.0,36,51,26,31,22.360679774997898,label_742.png,penalty_742.png,sample_742.png,seed_742.png
743,0.0,47,20,22,51,39.824615503479755,label_743.png,penalty_743.png,sample_743.png,seed_743.png
744,0.0,35,21,31,50,29.274562336608895,label_744.png,penalty_744.png,sample_744.png,seed_744.png
745,0.0,13,35,43,50,33.54101966249684,label_745.png,penalty_745.png,sample_745.png,seed_745.png
746,0.0,41,38,16,34,25.317977802344327,label_746.png,penalty_746.png,sample_746.png,seed_746.png
747,0.0,32,15,49,48,37.12142238654117,label_747.png,penalty_747.png,sample_747.png,seed_747.png
748,1.0,13,13,25,20,13.892443989449804,label_748.png,penalty_748.png,sample_748.png,seed_748.png
749,0.0,37,48,30,26,23.08679276123039,label_749.png,penalty_749.png,sample_749.png,seed_749.png
750,0.0,43,30,21,16,26.076809620810597,label_750.png,penalty_750.png,sample_750.png,seed_750.png
751,0.0,47,21,46,46,25.019992006393608,label_751.png,penalty_751.png,sample_751.png,seed_751.png
752,1.0,46,12,41,16,6.4031242374328485,label_752.png,penalty_752.png,sample_752.png,seed_752.png
753,1.0,17,38,22,42,6.4031242374328485,label_753.png,penalty_753.png,sample_753.png,seed_753.png
754,0.0,21,11,24,31,20.223748416156685,label_754.png,penalty_754.png,sample_754.png,seed_754.png
755,0.0,48,20,30,50,34.9857113690718,label_755.png,penalty_755.png,sample_755.png,seed_755.png
756,0.0,24,22,44,35,23.853720883753127,label_756.png,penalty_756.png,sample_756.png,seed_756.png
757,0.0,12,20,43,50,43.139309220245984,label_757.png,penalty_757.png,sample_757.png,seed_757.png
758,0.0,44,38,25,26,22.47220505424423,label_758.png,penalty_758.png,sample_758.png,seed_758.png
759,0.0,30,41,24,11,30.59411708155671,label_759.png,penalty_759.png,sample_759.png,seed_759.png
760,1.0,22,13,10,20,13.892443989449804,label_760.png,penalty_760.png,sample_760.png,seed_760.png
761,0.0,52,25,26,51,36.76955262170047,label_761.png,penalty_761.png,sample_761.png,seed_761.png
762,0.0,40,51,14,34,31.064449134018133,label_762.png,penalty_762.png,sample_762.png,seed_762.png
763,0.0,51,19,27,40,31.89043743820395,label_763.png,penalty_763.png,sample_763.png,seed_763.png
764,0.0,50,24,21,52,40.311288741492746,label_764.png,penalty_764.png,sample_764.png,seed_764.png
765,1.0,32,49,48,50,16.0312195418814,label_765.png,penalty_765.png,sample_765.png,seed_765.png
766,1.0,49,33,53,52,19.4164878389476,label_766.png,penalty_766.png,sample_766.png,seed_766.png
767,1.0,35,50,49,42,16.1245154965971,label_767.png,penalty_767.png,sample_767.png,seed_767.png
768,0.0,29,36,34,10,26.476404589747453,label_768.png,penalty_768.png,sample_768.png,seed_768.png
769,0.0,36,52,25,33,21.95449840010015,label_769.png,penalty_769.png,sample_769.png,seed_769.png
770,1.0,53,24,51,28,4.47213595499958,label_770.png,penalty_770.png,sample_770.png,seed_770.png
771,1.0,31,42,21,28,17.204650534085253,label_771.png,penalty_771.png,sample_771.png,seed_771.png
772,0.0,45,48,15,41,30.805843601498726,label_772.png,penalty_772.png,sample_772.png,seed_772.png
773,0.0,36,40,45,12,29.410882339705484,label_773.png,penalty_773.png,sample_773.png,seed_773.png
774,1.0,39,20,26,35,19.849433241279208,label_774.png,penalty_774.png,sample_774.png,seed_774.png
775,0.0,47,31,25,34,22.20360331117452,label_775.png,penalty_775.png,sample_775.png,seed_775.png
776,0.0,26,21,14,48,29.546573405388315,label_776.png,penalty_776.png,sample_776.png,seed_776.png
777,1.0,21,31,25,44,13.601470508735444,label_777.png,penalty_777.png,sample_777.png,seed_777.png
778,1.0,35,32,35,50,18.0,label_778.png,penalty_778.png,sample_778.png,seed_778.png
779,0.0,13,41,11,14,27.073972741361768,label_779.png,penalty_779.png,sample_779.png,seed_779.png
780,0.0,35,46,31,25,21.37755832643195,label_780.png,penalty_780.png,sample_780.png,seed_780.png
781,0.0,13,37,51,53,41.23105625617661,label_781.png,penalty_781.png,sample_781.png,seed_781.png
782,0.0,41,30,19,42,25.059928172283335,label_782.png,penalty_782.png,sample_782.png,seed_782.png
783,0.0,48,10,27,11,21.02379604162864,label_783.png,penalty_783.png,sample_783.png,seed_783.png
784,1.0,26,40,37,29,15.556349186104045,label_784.png,penalty_784.png,sample_784.png,seed_784.png
785,0.0,44,29,23,43,25.238858928247925,label_785.png,penalty_785.png,sample_785.png,seed_785.png
786,0.0,46,27,26,34,21.18962010041709,label_786.png,penalty_786.png,sample_786.png,seed_786.png
787,1.0,29,36,45,24,20.0,label_787.png,penalty_787.png,sample_787.png,seed_787.png
788,1.0,30,32,38,49,18.788294228055936,label_788.png,penalty_788.png,sample_788.png,seed_788.png
789,0.0,46,19,32,38,23.600847442411894,label_789.png,penalty_789.png,sample_789.png,seed_789.png
790,0.0,12,18,46,50,46.69047011971501,label_790.png,penalty_790.png,sample_790.png,seed_790.png
791,1.0,41,24,46,13,12.083045973594572,label_791.png,penalty_791.png,sample_791.png,seed_791.png
792,0.0,47,13,19,31,33.28663395418648,label_792.png,penalty_792.png,sample_792.png,seed_792.png
793,1.0,31,29,16,34,15.811388300841896,label_793.png,penalty_793.png,sample_793.png,seed_793.png
794,0.0,29,47,53,33,27.784887978899608,label_794.png,penalty_794.png,sample_794.png,seed_794.png
795,0.0,40,38,16,45,25.0,label_795.png,penalty_795.png,sample_795.png,seed_795.png
796,0.0,13,38,49,51,38.27531841800928,label_796.png,penalty_796.png,sample_796.png,seed_796.png
797,0.0,31,41,51,47,20.8806130178211,label_797.png,penalty_797.png,sample_797.png,seed_797.png
798,0.0,45,44,53,17,28.160255680657446,label_798.png,penalty_798.png,sample_798.png,seed_798.png
799,1.0,16,23,28,38,19.209372712298546,label_799.png,penalty_799.png,sample_799.png,seed_799.png
800,0.0,34,29,21,51,25.553864678361276,label_800.png,penalty_800.png,sample_800.png,seed_800.png
801,0.0,31,15,52,31,26.40075756488817,label_801.png,penalty_801.png,sample_801.png,seed_801.png
802,1.0,49,31,35,33,14.142135623730951,label_802.png,penalty_802.png,sample_802.png,seed_802.png
803,1.0,20,45,14,41,7.211102550927978,label_803.png,penalty_803.png,sample_803.png,seed_803.png
804,1.0,18,35,27,18,19.235384061671343,label_804.png,penalty_804.png,sample_804.png,seed_804.png
805,1.0,30,46,15,38,17.0,label_805.png,penalty_805.png,sample_805.png,seed_805.png
806,0.0,26,52,19,18,34.713109915419565,label_806.png,penalty_806.png,sample_806.png,seed_806.png
807,1.0,53,41,50,39,3.605551275463989,label_807.png,penalty_807.png,sample_807.png,seed_807.png
808,0.0,31,48,50,18,35.510561809129406,label_808.png,penalty_808.png,sample_808.png,seed_808.png
809,0.0,53,48,20,53,33.37663853655727,label_809.png,penalty_809.png,sample_809.png,seed_809.png
810,0.0,48,30,18,19,31.953090617340916,label_810.png,penalty_810.png,sample_810.png,seed_810.png
811,1.0,17,27,19,34,7.280109889280518,label_811.png,penalty_811.png,sample_811.png,seed_811.png
812,1.0,14,22,19,41,19.6468827043885,label_812.png,penalty_812.png,sample_812.png,seed_812.png
813,0.0,21,49,22,21,28.0178514522438,label_813.png,penalty_813.png,sample_813.png,seed_813.png
814,1.0,20,42,29,28,16.64331697709324,label_814.png,penalty_814.png,sample_814.png,seed_814.png
815,0.0,30,25,53,20,23.53720459187964,label_815.png,penalty_815.png,sample_815.png,seed_815.png
816,1.0,14,35,30,39,16.492422502470642,label_816.png,penalty_816.png,sample_816.png,seed_816.png
817,1.0,15,20,21,19,6.082762530298219,label_817.png,penalty_817.png,sample_817.png,seed_817.png
818,0.0,41,24,33,45,22.47220505424423,label_818.png,penalty_818.png,sample_818.png,seed_818.png
819,0.0,32,12,41,49,38.07886552931954,label_819.png,penalty_819.png,sample_819.png,seed_819.png
820,0.0,14,38,31,26,20.808652046684813,label_820.png,penalty_820.png,sample_820.png,seed_820.png
821,0.0,51,14,53,38,24.08318915758459,label_821.png,penalty_821.png,sample_821.png,seed_821.png
822,0.0,12,48,43,47,31.016124838541646,label_822.png,penalty_822.png,sample_822.png,seed_822.png
823,0.0,14,13,34,27,24.413111231467404,label_823.png,penalty_823.png,sample_823.png,seed_823.png
824,1.0,52,27,50,23,4.47213595499958,label_824.png,penalty_824.png,sample_824.png,seed_824.png
825,0.0,13,34,25,16,21.633307652783937,label_825.png,penalty_825.png,sample_825.png,seed_825.png
826,1.0,23,52,26,53,3.1622776601683795,label_826.png,penalty_826.png,sample_826.png,seed_826.png
827,0.0,16,36,44,42,28.635642126552707,label_827.png,penalty_827.png,sample_827.png,seed_827.png
828,0.0,36,47,28,21,27.202941017470888,label_828.png,penalty_828.png,sample_828.png,seed_828.png
829,1.0,42,17,49,13,8.06225774829855,label_829.png,penalty_829.png,sample_829.png,seed_829.png
830,1.0,22,42,35,50,15.264337522473747,label_830.png,penalty_830.png,sample_830.png,seed_830.png
831,0.0,21,34,45,33,24.020824298928627,label_831.png,penalty_831.png,sample_831.png,seed_831.png
832,1.0,49,34,44,32,5.385164807134504,label_832.png,penalty_832.png,sample_832.png,seed_832.png
833,0.0,17,22,35,51,34.132096331752024,label_833.png,penalty_833.png,sample_833.png,seed_833.png
834,0.0,29,47,47,15,36.71511950137164,label_834.png,penalty_834.png,sample_834.png,seed_834.png
835,0.0,10,27,35,52,35.35533905932738,label_835.png,penalty_835.png,sample_835.png,seed_835.png
836,1.0,38,29,52,23,15.231546211727817,label_836.png,penalty_836.png,sample_836.png,seed_836.png
837,1.0,37,45,48,42,11.40175425099138,label_837.png,penalty_837.png,sample_837.png,seed_837.png
838,0.0,36,41,28,11,31.04834939252005,label_838.png,penalty_838.png,sample_838.png,seed_838.png
839,1.0,40,36,38,24,12.165525060596439,label_839.png,penalty_839.png,sample_839.png,seed_839.png
840,1.0,50,41,37,40,13.038404810405298,label_840.png,penalty_840.png,sample_840.png,seed_840.png
841,0.0,34,19,11,30,25.495097567963924,label_841.png,penalty_841.png,sample_841.png,seed_841.png
842,1.0,29,27,19,18,13.45362404707371,label_842.png,penalty_842.png,sample_842.png,seed_842.png
843,1.0,19,29,13,47,18.973665961010276,label_843.png,penalty_843.png,sample_843.png,seed_843.png
844,1.0,42,26,32,40,17.204650534085253,label_844.png,penalty_844.png,sample_844.png,seed_844.png
845,0.0,36,52,43,25,27.892651361962706,label_845.png,penalty_845.png,sample_845.png,seed_845.png
846,1.0,39,29,49,18,14.866068747318506,label_846.png,penalty_846.png,sample_846.png,seed_846.png
847,1.0,48,34,45,23,11.40175425099138,label_847.png,penalty_847.png,sample_847.png,seed_847.png
848,0.0,29,47,52,44,23.194827009486403,label_848.png,penalty_848.png,sample_848.png,seed_848.png
849,0.0,41,24,53,53,31.38470965295043,label_849.png,penalty_849.png,sample_849.png,seed_849.png
850,0.0,18,22,29,46,26.40075756488817,label_850.png,penalty_850.png,sample_850.png,seed_850.png
851,1.0,33,39,21,40,12.041594578792296,label_851.png,penalty_851.png,sample_851.png,seed_851.png
852,0.0,21,17,45,52,42.43819034784589,label_852.png,penalty_852.png,sample_852.png,seed_852.png
853,0.0,28,45,14,24,25.238858928247925,label_853.png,penalty_853.png,sample_853.png,seed_853.png
854,1.0,26,37,16,32,11.180339887498949,label_854.png,penalty_854.png,sample_854.png,seed_854.png
855,0.0,40,24,12,37,30.870698080866262,label_855.png,penalty_855.png,sample_855.png,seed_855.png
856,1.0,24,43,40,47,16.492422502470642,label_856.png,penalty_856.png,sample_856.png,seed_856.png
857,0.0,26,19,21,46,27.459060435491963,label_857.png,penalty_857.png,sample_857.png,seed_857.png
858,0.0,45,46,12,44,33.06055050963308,label_858.png,penalty_858.png,sample_858.png,seed_858.png
859,0.0,15,10,32,38,32.7566787083184,label_859.png,penalty_859.png,sample_859.png,seed_859.png
860,1.0,34,18,53,18,19.0,label_860.png,penalty_860.png,sample_860.png,seed_860.png
861,0.0,12,13,35,15,23.08679276123039,label_861.png,penalty_861.png,sample_861.png,seed_861.png
862,0.0,25,13,32,48,35.6931365951495,label_862.png,penalty_862.png,sample_862.png,seed_862.png
863,0.0,20,19,49,31,31.38470965295043,label_863.png,penalty_863.png,sample_863.png,seed_863.png
864,0.0,40,41,12,32,29.410882339705484,label_864.png,penalty_864.png,sample_864.png,seed_864.png
865,1.0,21,25,36,14,18.601075237738275,label_865.png,penalty_865.png,sample_865.png,seed_865.png
866,0.0,30,46,52,36,24.166091947189145,label_866.png,penalty_866.png,sample_866.png,seed_866.png
867,1.0,43,10,39,13,5.0,label_867.png,penalty_867.png,sample_867.png,seed_867.png
868,0.0,14,33,42,39,28.635642126552707,label_868.png,penalty_868.png,sample_868.png,seed_868.png
869,1.0,37,43,37,35,8.0,label_869.png,penalty_869.png,sample_869.png,seed_869.png
870,1.0,51,20,39,27,13.892443989449804,label_870.png,penalty_870.png,sample_870.png,seed_870.png
871,0.0,17,26,42,34,26.248809496813376,label_871.png,penalty_871.png,sample_871.png,seed_871.png
872,0.0,31,53,33,18,35.05709628591621,label_872.png,penalty_872.png,sample_872.png,seed_872.png
873,0.0,51,36,22,45,30.364452901377952,label_873.png,penalty_873.png,sample_873.png,seed_873.png
874,1.0,39,21,20,19,19.1049731745428,label_874.png,penalty_874.png,sample_874.png,seed_874.png
875,0.0,10,19,42,41,38.8329756778952,label_875.png,penalty_875.png,sample_875.png,seed_875.png
876,1.0,23,41,14,26,17.4928556845359,label_876.png,penalty_876.png,sample_876.png,seed_876.png
877,0.0,23,46,41,20,31.622776601683793,label_877.png,penalty_877.png,sample_877.png,seed_877.png
878,1.0,39,46,44,49,5.830951894845301,label_878.png,penalty_878.png,sample_878.png,seed_878.png
879,1.0,32,13,37,28,15.811388300841896,label_879.png,penalty_879.png,sample_879.png,seed_879.png
880,1.0,20,13,35,13,15.0,label_880.png,penalty_880.png,sample_880.png,seed_880.png
881,0.0,38,32,17,31,21.02379604162864,label_881.png,penalty_881.png,sample_881.png,seed_881.png
882,1.0,17,14,31,12,14.142135623730951,label_882.png,penalty_882.png,sample_882.png,seed_882.png
883,1.0,44,43,47,29,14.317821063276353,label_883.png,penalty_883.png,sample_883.png,seed_883.png
884,0.0,45,18,42,49,31.144823004794873,label_884.png,penalty_884.png,sample_884.png,seed_884.png
885,0.0,23,53,47,10,49.24428900898052,label_885.png,penalty_885.png,sample_885.png,seed_885.png
886,0.0,11,14,24,48,36.40054944640259,label_886.png,penalty_886.png,sample_886.png,seed_886.png
887,1.0,11,23,15,28,6.4031242374328485,label_887.png,penalty_887.png,sample_887.png,seed_887.png
888,1.0,24,44,38,50,15.231546211727817,label_888.png,penalty_888.png,sample_888.png,seed_888.png
889,0.0,30,14,28,36,22.090722034374522,label_889.png,penalty_889.png,sample_889.png,seed_889.png
890,0.0,53,18,20,22,33.24154027718932,label_890.png,penalty_890.png,sample_890.png,seed_890.png
891,1.0,22,28,34,17,16.278820596099706,label_891.png,penalty_891.png,sample_891.png,seed_891.png
892,1.0,16,28,12,24,5.656854249492381,label_892.png,penalty_892.png,sample_892.png,seed_892.png
893,0.0,38,16,27,34,21.095023109728988,label_893.png,penalty_893.png,sample_893.png,seed_893.png
894,0.0,50,52,32,32,26.90724809414742,label_894.png,penalty_894.png,sample_894.png,seed_894.png
895,1.0,25,11,16,28,19.235384061671343,label_895.png,penalty_895.png,sample_895.png,seed_895.png
896,0.0,53,43,52,15,28.0178514522438,label_896.png,penalty_896.png,sample_896.png,seed_896.png
897,0.0,18,13,35,45,36.235341863986875,label_897.png,penalty_897.png,sample_897.png,seed_897.png
898,1.0,20,23,21,30,7.0710678118654755,label_898.png,penalty_898.png,sample_898.png,seed_898.png
899,0.0,41,30,33,51,22.47220505424423,label_899.png,penalty_899.png,sample_899.png,seed_899.png
900,0.0,23,10,35,51,42.720018726587654,label_900.png,penalty_900.png,sample_900.png,seed_900.png
901,1.0,52,29,52,49,20.0,label_901.png,penalty_901.png,sample_901.png,seed_901.png
902,0.0,34,45,14,36,21.93171219946131,label_902.png,penalty_902.png,sample_902.png,seed_902.png
903,1.0,37,48,31,44,7.211102550927978,label_903.png,penalty_903.png,sample_903.png,seed_903.png
904,0.0,22,42,40,12,34.9857113690718,label_904.png,penalty_904.png,sample_904.png,seed_904.png
905,0.0,16,23,19,48,25.179356624028344,label_905.png,penalty_905.png,sample_905.png,seed_905.png
906,1.0,44,44,43,27,17.029386365926403,label_906.png,penalty_906.png,sample_906.png,seed_906.png
907,0.0,39,14,14,43,38.28837943815329,label_907.png,penalty_907.png,sample_907.png,seed_907.png
908,1.0,30,14,35,19,7.0710678118654755,label_908.png,penalty_908.png,sample_908.png,seed_908.png
909,0.0,35,52,49,28,27.784887978899608,label_909.png,penalty_909.png,sample_909.png,seed_909.png
910,0.0,19,47,51,41,32.55764119219941,label_910.png,penalty_910.png,sample_910.png,seed_910.png
911,1.0,35,27,28,13,15.652475842498529,label_911.png,penalty_911.png,sample_911.png,seed_911.png
912,1.0,26,53,31,53,5.0,label_912.png,penalty_912.png,sample_912.png,seed_912.png
913,0.0,41,40,18,47,24.041630560342615,label_913.png,penalty_913.png,sample_913.png,seed_913.png
914,0.0,13,49,46,41,33.95585369269929,label_914.png,penalty_914.png,sample_914.png,seed_914.png
915,0.0,37,21,44,42,22.135943621178654,label_915.png,penalty_915.png,sample_915.png,seed_915.png
916,1.0,17,36,17,35,1.0,label_916.png,penalty_916.png,sample_916.png,seed_916.png
917,1.0,53,41,36,32,19.235384061671343,label_917.png,penalty_917.png,sample_917.png,seed_917.png
918,0.0,10,11,45,38,44.204072210600685,label_918.png,penalty_918.png,sample_918.png,seed_918.png
919,1.0,52,37,43,29,12.041594578792296,label_919.png,penalty_919.png,sample_919.png,seed_919.png
920,0.0,20,20,53,12,33.95585369269929,label_920.png,penalty_920.png,sample_920.png,seed_920.png
921,0.0,10,20,46,22,36.05551275463989,label_921.png,penalty_921.png,sample_921.png,seed_921.png
922,1.0,38,26,28,32,11.661903789690601,label_922.png,penalty_922.png,sample_922.png,seed_922.png
923,1.0,28,35,21,33,7.280109889280518,label_923.png,penalty_923.png,sample_923.png,seed_923.png
924,1.0,25,36,10,33,15.297058540778355,label_924.png,penalty_924.png,sample_924.png,seed_924.png
925,1.0,39,24,28,29,12.083045973594572,label_925.png,penalty_925.png,sample_925.png,seed_925.png
926,1.0,38,16,38,35,19.0,label_926.png,penalty_926.png,sample_926.png,seed_926.png
927,0.0,18,49,45,46,27.16615541441225,label_927.png,penalty_927.png,sample_927.png,seed_927.png
928,1.0,53,10,37,10,16.0,label_928.png,penalty_928.png,sample_928.png,seed_928.png
929,0.0,32,44,51,10,38.948684188300895,label_929.png,penalty_929.png,sample_929.png,seed_929.png
930,1.0,12,27,18,36,10.816653826391969,label_930.png,penalty_930.png,sample_930.png,seed_930.png
931,0.0,15,41,46,33,32.01562118716424,label_931.png,penalty_931.png,sample_931.png,seed_931.png
932,1.0,31,36,15,43,17.46424919657298,label_932.png,penalty_932.png,sample_932.png,seed_932.png
933,0.0,52,30,15,18,38.897300677553446,label_933.png,penalty_933.png,sample_933.png,seed_933.png
934,1.0,18,49,12,40,10.816653826391969,label_934.png,penalty_934.png,sample_934.png,seed_934.png
935,1.0,20,46,38,45,18.027756377319946,label_935.png,penalty_935.png,sample_935.png,seed_935.png
936,1.0,43,37,50,36,7.0710678118654755,label_936.png,penalty_936.png,sample_936.png,seed_936.png
937,0.0,42,49,18,37,26.832815729997478,label_937.png,penalty_937.png,sample_937.png,seed_937.png
938,1.0,39,15,31,26,13.601470508735444,label_938.png,penalty_938.png,sample_938.png,seed_938.png
939,1.0,39,25,29,28,10.44030650891055,label_939.png,penalty_939.png,sample_939.png,seed_939.png
940,0.0,44,23,52,44,22.47220505424423,label_940.png,penalty_940.png,sample_940.png,seed_940.png
941,0.0,42,30,28,12,22.80350850198276,label_941.png,penalty_941.png,sample_941.png,seed_941.png
942,0.0,41,41,24,20,27.018512172212592,label_942.png,penalty_942.png,sample_942.png,seed_942.png
943,0.0,32,24,35,49,25.179356624028344,label_943.png,penalty_943.png,sample_943.png,seed_943.png
944,0.0,52,22,26,48,36.76955262170047,label_944.png,penalty_944.png,sample_944.png,seed_944.png
945,1.0,35,42,27,36,10.0,label_945.png,penalty_945.png,sample_945.png,seed_945.png
946,0.0,14,39,52,45,38.47076812334269,label_946.png,penalty_946.png,sample_946.png,seed_946.png
947,1.0,24,43,38,30,19.1049731745428,label_947.png,penalty_947.png,sample_947.png,seed_947.png
948,0.0,50,32,24,31,26.019223662515376,label_948.png,penalty_948.png,sample_948.png,seed_948.png
949,0.0,46,13,14,30,36.235341863986875,label_949.png,penalty_949.png,sample_949.png,seed_949.png
950,0.0,50,12,17,16,33.24154027718932,label_950.png,penalty_950.png,sample_950.png,seed_950.png
951,1.0,35,44,18,38,18.027756377319946,label_951.png,penalty_951.png,sample_951.png,seed_951.png
952,0.0,51,15,17,13,34.058772731852805,label_952.png,penalty_952.png,sample_952.png,seed_952.png
953,0.0,11,23,20,48,26.570660511172846,label_953.png,penalty_953.png,sample_953.png,seed_953.png
954,0.0,34,29,41,50,22.135943621178654,label_954.png,penalty_954.png,sample_954.png,seed_954.png
955,0.0,44,11,11,17,33.54101966249684,label_955.png,penalty_955.png,sample_955.png,seed_955.png
956,1.0,31,17,38,23,9.219544457292887,label_956.png,penalty_956.png,sample_956.png,seed_956.png
957,0.0,15,27,43,26,28.0178514522438,label_957.png,penalty_957.png,sample_957.png,seed_957.png
958,1.0,21,32,10,16,19.4164878389476,label_958.png,penalty_958.png,sample_958.png,seed_958.png
959,0.0,49,53,15,13,52.49761899362675,label_959.png,penalty_959.png,sample_959.png,seed_959.png
960,1.0,48,16,50,11,5.385164807134504,label_960.png,penalty_960.png,sample_960.png,seed_960.png
961,1.0,20,33,36,37,16.492422502470642,label_961.png,penalty_961.png,sample_961.png,seed_961.png
962,1.0,31,27,27,41,14.560219778561036,label_962.png,penalty_962.png,sample_962.png,seed_962.png
963,1.0,53,48,42,33,18.601075237738275,label_963.png,penalty_963.png,sample_963.png,seed_963.png
964,0.0,46,16,25,18,21.095023109728988,label_964.png,penalty_964.png,sample_964.png,seed_964.png
965,0.0,49,39,20,48,30.364452901377952,label_965.png,penalty_965.png,sample_965.png,seed_965.png
966,0.0,50,16,12,42,46.04345773288535,label_966.png,penalty_966.png,sample_966.png,seed_966.png
967,0.0,20,16,15,41,25.495097567963924,label_967.png,penalty_967.png,sample_967.png,seed_967.png
968,0.0,45,13,41,45,32.2490309931942,label_968.png,penalty_968.png,sample_968.png,seed_968.png
969,0.0,36,11,12,30,30.610455730027933,label_969.png,penalty_969.png,sample_969.png,seed_969.png
970,0.0,14,20,33,32,22.47220505424423,label_970.png,penalty_970.png,sample_970.png,seed_970.png
971,1.0,51,26,36,23,15.297058540778355,label_971.png,penalty_971.png,sample_971.png,seed_971.png
972,0.0,42,28,19,43,27.459060435491963,label_972.png,penalty_972.png,sample_972.png,seed_972.png
973,1.0,30,32,41,17,18.601075237738275,label_973.png,penalty_973.png,sample_973.png,seed_973.png
974,0.0,31,41,12,18,29.832867780352597,label_974.png,penalty_974.png,sample_974.png,seed_974.png
975,0.0,40,20,19,48,35.0,label_975.png,penalty_975.png,sample_975.png,seed_975.png
976,0.0,29,39,10,30,21.02379604162864,label_976.png,penalty_976.png,sample_976.png,seed_976.png
977,1.0,29,25,42,12,18.384776310850235,label_977.png,penalty_977.png,sample_977.png,seed_977.png
978,1.0,39,47,51,51,12.649110640673518,label_978.png,penalty_978.png,sample_978.png,seed_978.png
979,1.0,46,47,51,51,6.4031242374328485,label_979.png,penalty_979.png,sample_979.png,seed_979.png
980,0.0,14,34,36,14,29.732137494637012,label_980.png,penalty_980.png,sample_980.png,seed_980.png
981,0.0,17,12,52,44,47.4236228055175,label_981.png,penalty_981.png,sample_981.png,seed_981.png
982,0.0,28,28,46,47,26.1725046566048,label_982.png,penalty_982.png,sample_982.png,seed_982.png
983,0.0,43,53,15,17,45.60701700396552,label_983.png,penalty_983.png,sample_983.png,seed_983.png
984,1.0,46,47,35,35,16.278820596099706,label_984.png,penalty_984.png,sample_984.png,seed_984.png
985,0.0,20,29,51,36,31.78049716414141,label_985.png,penalty_985.png,sample_985.png,seed_985.png
986,0.0,44,26,12,16,33.52610922848042,label_986.png,penalty_986.png,sample_986.png,seed_986.png
987,1.0,46,41,51,42,5.0990195135927845,label_987.png,penalty_987.png,sample_987.png,seed_987.png
988,0.0,45,18,14,42,39.20459156782532,label_988.png,penalty_988.png,sample_988.png,seed_988.png
989,0.0,25,38,53,53,31.76476034853718,label_989.png,penalty_989.png,sample_989.png,seed_989.png
990,1.0,50,11,33,13,17.11724276862369,label_990.png,penalty_990.png,sample_990.png,seed_990.png
991,0.0,16,43,40,34,25.632011235952593,label_991.png,penalty_991.png,sample_991.png,seed_991.png
992,0.0,18,45,47,41,29.274562336608895,label_992.png,penalty_992.png,sample_992.png,seed_992.png
993,0.0,28,44,46,12,36.71511950137164,label_993.png,penalty_993.png,sample_993.png,seed_993.png
994,0.0,27,16,12,44,31.76476034853718,label_994.png,penalty_994.png,sample_994.png,seed_994.png
995,1.0,50,47,33,43,17.46424919657298,label_995.png,penalty_995.png,sample_995.png,seed_995.png
996,1.0,24,49,24,36,13.0,label_996.png,penalty_996.png,sample_996.png,seed_996.png
997,0.0,42,40,28,13,30.4138126514911,label_997.png,penalty_997.png,sample_997.png,seed_997.png
998,1.0,35,47,35,28,19.0,label_998.png,penalty_998.png,sample_998.png,seed_998.png
999,1.0,33,38,34,28,10.04987562112089,label_999.png,penalty_999.png,sample_999.png,seed_999.png
